sample_id,Whole Cell Average Intensity,Nuc Tau Intensity at Body (zstack),Cyto Tau Intensity at Body (zstack),Tau Intensity of Bundle,Tau Intensity of a Single Filament,Nuc/Background,Nuc/Cyto,Single Filament/Cyto,Single Filament/Bundle,Tau Continuity,Bundle Width,Single Filament Number,Germinal Center,Droplet Number,All Droplet Size,Droplet Intensity
WT_1,1230.2871167238827,76.6336319863473,1278.769401330377,7067.325,797.8076923076923,38.31681599317365,0.059927639734436,0.62388706789331,0.1128867983724665,1.0,10.0,0.25,0.0,0.0,0.0,0.0
WT_10,2235.0234008201096,279.86913252612374,1763.579326923077,10840.037037037036,0.0,139.93456626306187,0.1586938156132803,0.0,0.0,1.0,7.0,0.0,0.0,1.0,248.0,3912.1975806451615
WT_10_2,904.2767475035664,311.04191371907586,592.6282864913871,3526.133333333333,609.0322580645161,155.52095685953793,0.5248516157751716,1.0276800347655484,0.1727195770809903,1.0,15.0,0.25,0.0,1.0,133.0,1418.7894736842106
WT_11,106.45519190056682,9.631641319375865,15.877173913043478,569.3548387096774,64.82758620689656,4.815820659687932,0.6066344912593822,4.083068344652895,0.1138614828563055,1.0,8.0,0.75,0.0,0.0,0.0,0.0
WT_11_2,6753.323102583176,496.8825095950497,4667.57485988791,12365.42857142857,0.0,248.4412547975249,0.1064541061494581,0.0,0.0,1.0,14.0,0.0,0.0,6.0,1183.0,7507.524091293322
WT_12,37.58243596488344,6.339099578620536,3.635087719298246,0.0,62.90243902439025,3.169549789310268,1.743864266319356,17.30424239570581,-1.0,0.0,0.0,1.0,0.0,0.0,0.0,0.0
WT_13,1631.5014799669534,283.6176136363636,1057.2852233676977,4493.959459459459,0.0,141.8088068181818,0.2682508062800461,0.0,0.0,1.0,38.0,0.0,0.0,1.0,530.0,2062.8603773584905
WT_13_2,196.42638815904712,33.41391708967851,46.66918714555766,912.7368421052632,163.42424242424244,16.706958544839257,0.715973839129939,3.5017589210314424,0.1790485875943147,0.0,6.0,0.75,0.0,0.0,0.0,0.0
WT_13_3,15.116824723304273,3.2094835262689227,3.120608899297424,0.0,23.266666666666666,1.6047417631344614,1.028479899224638,7.4558098811757345,-1.0,-1.0,0.0,1.0,0.0,0.0,0.0,0.0
WT_14,871.277478875728,177.7641848590632,709.068669527897,3142.098360655738,665.8947368421053,88.8820924295316,0.2507009440671238,0.9391117750068732,0.2119267637131311,1.0,9.0,0.75,0.0,0.0,0.0,0.0
WT_14_2,311.3082822029097,70.92598065556153,140.01589958158996,0.0,165.03333333333333,35.462990327780766,0.5065566186948047,1.178675663453244,-1.0,0.0,0.0,1.0,0.0,0.0,0.0,0.0
WT_15,427.772913986685,111.36261810423652,173.3111111111111,0.0,439.6,55.68130905211826,0.6425590222708865,2.5364790357738176,-1.0,1.0,0.0,1.0,0.0,0.0,0.0,0.0
WT_15_2,57.11118917243517,6.99194847020934,20.430799220272903,0.0,52.333333333333336,3.49597423510467,0.3422258911570834,2.561492224024425,-1.0,-0.5,0.0,1.0,0.0,0.0,0.0,0.0
WT_16,3503.6635632418133,157.68816571214472,3828.2412095639934,6111.958333333333,0.0,78.84408285607236,0.0411907602159959,0.0,0.0,1.0,10.0,0.0,0.0,2.0,6465.0,5238.371384377417
WT_16_2,37.85768225744105,5.997381219603442,7.214285714285714,0.0,59.4,2.998690609801721,0.8313201690539425,8.233663366336634,-1.0,0.0,0.0,1.0,0.0,0.0,0.0,0.0
WT_17,6504.138648079696,3723.892106114526,5986.224199288256,0.0,0.0,1861.946053057263,0.6220769523729641,0.0,1.0,-2.0,0.0,0.0,0.0,25.0,2471.0,8180.857547551598
WT_17_2,13.18575608035307,3.142268259169221,5.597733711048159,0.0,15.833333333333334,1.5711341295846104,0.561346505813125,2.828525641025641,-1.0,-1.0,0.0,1.0,0.0,0.0,0.0,0.0
WT_18,4486.693674967374,700.5981132075472,3723.254572713643,0.0,0.0,350.2990566037736,0.1881682005689248,0.0,1.0,-2.0,0.0,0.0,0.0,0.0,0.0,0.0
WT_18_2,21.959582614822644,4.644589552238806,11.23728813559322,0.0,46.47826086956522,2.322294776119403,0.4133194322505121,4.136074496688308,-1.0,-1.0,0.0,1.0,0.0,0.0,0.0,0.0
WT_19,98.57452652601135,12.24305477449106,13.06501182033097,0.0,98.58620689655172,6.121527387245529,0.937087156357499,7.545818423458135,-1.0,0.0,0.0,1.0,0.0,0.0,0.0,0.0
WT_1_2,66.73227783393834,10.693730990199391,20.02158273381295,0.0,105.74074074074076,5.346865495099696,0.534110171626919,5.281337751693483,-1.0,0.0,0.0,1.0,0.0,0.0,0.0,0.0
WT_1_3,54.351100744518966,7.15537166500214,6.382783882783883,0.0,62.0,3.57768583250107,1.1210424473719278,9.713629842180774,-1.0,0.0,0.0,1.0,0.0,0.0,0.0,0.0
WT_1_4,153.50335826797473,28.61495391178487,65.29117259552042,0.0,243.73469387755105,14.307476955892437,0.4382668096505915,3.7330420666127457,-1.0,0.0,0.0,1.0,0.0,0.0,0.0,0.0
WT_2,18.47960329199378,3.8033877219005694,9.533772652388798,0.0,26.13636363636364,1.9016938609502847,0.3989383700006299,2.7414502725544714,-1.0,0.0,0.0,1.0,0.0,0.0,0.0,0.0
WT_20,16.37224235679805,2.8344149259785034,7.724747474747475,0.0,26.382978723404257,1.4172074629892517,0.3669265481162103,3.415383973346873,-1.0,-1.0,0.0,1.0,0.0,0.0,0.0,0.0
WT_21,3775.9853805776247,1967.012599469496,3148.715691951361,7725.258064516129,0.0,983.506299734748,0.6247031462692889,0.0,0.0,-2.0,15.0,0.0,0.0,1.0,116.0,5955.956896551724
WT_22,15.266998765963924,3.301031852848811,4.014598540145985,0.0,16.885714285714286,1.6505159264244056,0.8222570251641584,4.206077922077922,-1.0,-1.0,0.0,1.0,0.0,0.0,0.0,0.0
WT_23,3548.866031557011,997.1400960080848,3120.4557640750672,6762.307692307692,1674.3829787234042,498.57004800404246,0.3195495053920903,0.5365828280599604,0.2476052636037339,1.0,7.0,0.5,0.0,1.0,3790.0,4025.210817941952
WT_24,53.69164216170802,10.739783653846152,19.32323232323232,0.0,59.72727272727273,5.369891826923077,0.5557964358237163,3.090956612650288,-1.0,0.0,0.0,1.0,1.0,0.0,0.0,0.0
WT_25,23.87049016833111,4.88859649122807,6.322645290581162,0.0,25.55172413793104,2.444298245614035,0.7731884783273557,4.041302803431882,-1.0,-1.0,0.0,1.0,0.0,0.0,0.0,0.0
WT_26,3714.41779451684,963.375,3855.469488188976,7355.030303030303,1567.1,481.6875,0.2498722925836263,0.4064615229872073,0.213065063695842,1.0,16.0,0.25,0.0,1.0,93.0,5011.591397849463
WT_2_2,3791.81884867722,2867.7975056880423,3288.545049063336,0.0,0.0,1433.8987528440211,0.8720566277493648,0.0,1.0,1.0,0.0,0.0,0.0,1.0,241.0,4728.103734439834
WT_2_3,1446.525392783357,273.2207321023648,872.1511335012594,6247.04347826087,0.0,136.61036605118238,0.3132722318499059,0.0,0.0,1.0,27.0,0.0,0.0,1.0,1189.0,3615.697224558453
WT_2_4,2736.55323878038,1070.6664326458974,2949.457583547558,5564.063829787234,0.0,535.3332163229487,0.3630045194134027,0.0,0.0,-2.0,15.0,0.0,0.0,2.0,132.0,4374.022727272727
WT_3,3077.085066449732,660.4879032258065,3187.102143757881,15020.96551724138,2640.172413793104,330.24395161290323,0.2072377581369361,0.8283927827553407,0.1757658261556261,1.0,11.0,0.25,0.0,1.0,10279.0,3515.0367740052534
WT_3_2,202.2007011881244,29.43617382447802,33.320402298850574,800.7435897435897,179.92,14.71808691223901,0.8834279238427278,5.399694709154413,0.2246911524544493,1.0,9.0,0.75,0.0,0.0,0.0,0.0
WT_3_3,18.745407485328315,3.7022202873313015,6.135265700483092,0.0,19.65714285714286,1.8511101436656507,0.6034327554941571,3.203959505061868,-1.0,0.0,0.0,1.0,0.0,0.0,0.0,0.0
WT_3_4,35.87267321351067,4.531160383297196,5.831255195344971,0.0,39.92982456140351,2.265580191648598,0.7770471762090558,6.847552237686161,-1.0,0.0,0.0,1.0,0.0,0.0,0.0,0.0
WT_4,1657.2585198774548,535.2505525416918,1571.0533707865168,8969.719298245614,0.0,267.6252762708459,0.3406953337770627,0.0,0.0,1.0,16.0,0.0,0.0,0.0,0.0,0.0
WT_4_2,17.450589029930722,2.661160525201186,3.104895104895105,0.0,33.0,1.330580262600593,0.8570854844679494,10.628378378378375,-1.0,-1.0,0.0,1.0,0.0,0.0,0.0,0.0
WT_4_3,39.28848162827731,8.439037208324574,4.457627118644068,0.0,72.05128205128206,4.219518604162287,1.893168042932129,16.16359559325339,-1.0,0.0,0.0,0.0,0.0,0.0,0.0,0.0
WT_4_4,371.4805256143166,51.03754672103296,198.5090909090909,1532.5531914893618,359.7111111111111,25.51877336051648,0.257104329516103,1.8120636665241905,0.2347136224104154,1.0,9.0,0.75,0.0,0.0,0.0,0.0
WT_5,55.81474622167594,9.833530169637106,4.2153284671532845,0.0,38.093023255813954,4.916765084818553,2.332802828121704,9.036786469344609,-1.0,0.0,0.0,1.0,0.0,0.0,0.0,0.0
WT_5_2,50.11928742026361,11.88756833848348,19.41686367218282,0.0,71.5625,5.94378416924174,0.6122290674324486,3.6855849228896105,-1.0,-1.0,0.0,1.0,0.0,0.0,0.0,0.0
WT_5_3,4534.495283192825,535.6418466120625,2647.032430625209,10532.329670329673,0.0,267.82092330603126,0.2023556041153405,0.0,0.0,1.0,15.0,0.0,0.0,2.0,4840.0,8740.678305785124
WT_5_4,43.27246975044114,5.975920873124148,5.982608695652174,0.0,56.75,2.9879604365620738,0.9988821226879026,9.485828488372093,-1.0,0.0,0.0,1.0,0.0,0.0,0.0,0.0
WT_6,3919.9838214155634,1223.7742805755397,4735.118174409128,8494.521739130434,0.0,611.8871402877697,0.2584464073546059,0.0,0.0,1.0,22.0,0.0,0.0,6.0,3434.0,7112.030285381479
WT_6_2,2629.9318302157776,2604.611528822056,2201.2087842138767,0.0,0.0,1302.3057644110277,1.1832641898856708,0.0,1.0,-2.0,0.0,0.0,0.0,0.0,0.0,0.0
WT_6_3,10.641753232987067,1.9901688733846032,3.9817833173537873,0.0,15.46875,0.9950844366923016,0.4998184769901616,3.8848799060919816,-1.0,0.0,0.0,1.0,0.0,0.0,0.0,0.0
WT_6_4,4309.209871096093,1044.8377581120944,6057.212157330155,8119.125,0.0,522.4188790560472,0.1724948261631682,0.0,0.0,1.0,8.0,0.0,0.0,3.0,1871.0,8613.482629609834
WT_7,5458.04724393054,1684.2758328028856,3708.135272727273,0.0,0.0,842.1379164014428,0.4542110006585947,0.0,1.0,-2.0,0.0,0.0,0.0,1.0,5189.0,5750.830217768356
WT_7_2,7897.976630785791,2175.721174004193,7163.658739595719,0.0,0.0,1087.8605870020965,0.3037164740942112,0.0,1.0,-2.0,0.0,0.0,0.0,0.0,0.0,0.0
WT_7_3,3278.985156236058,284.8210934972501,2308.412066246057,0.0,0.0,142.41054674862505,0.1233839909528919,0.0,1.0,-2.0,0.0,0.0,0.0,0.0,0.0,0.0
WT_8,5385.052578743125,1130.8830072090627,5466.541607898448,0.0,0.0,565.4415036045314,0.206873575346995,0.0,1.0,-2.0,0.0,0.0,0.0,0.0,0.0,0.0
WT_8_2,5199.810204994165,66.32417582417582,4211.3389544688025,0.0,0.0,33.16208791208791,0.0157489521839121,0.0,1.0,-2.0,0.0,0.0,0.0,0.0,0.0,0.0
WT_8_3,6857.20953942528,523.5336238370039,6100.861538461539,0.0,0.0,261.766811918502,0.0858130643576323,0.0,1.0,-2.0,0.0,0.0,0.0,0.0,0.0,0.0
WT_9,786.3467654300609,532.8172274562584,671.4572072072073,0.0,0.0,266.4086137281292,0.7935237297882403,0.0,1.0,-2.0,0.0,0.0,0.0,1.0,2522.0,808.0436161776367
WT_9_2,7155.109068888101,2306.730275575689,7830.521484375,0.0,0.0,1153.3651377878446,0.2945819483642988,0.0,1.0,-2.0,0.0,0.0,0.0,0.0,0.0,0.0
