bp_id,bp_en,bp_zh,sa_id,sa_local_id,sa_en,sa_zh,n_features,features
BP01,Intracellular sorting,细胞内分选,BP01_SA1,SA1,Perinuclear ring,核周环,27,code_cytoplasm_nuclear_tau_enrichment_ratio;code_nuclear_ring_tau_azimuthal_heterogeneity;code_perinuclear_low_tau_crescent_eccentricity;code_perinuclear_tau_annular_gap_length_cv;code_perinuclear_tau_annulus_radial_phase_lag;code_perinuclear_tau_cap_angular_sharpness;code_perinuclear_tau_cap_resultant_strength;code_perinuclear_tau_closing_gap_recovery;code_perinuclear_tau_enrichment_ratio;code_perinuclear_tau_ring_width_halfmax;code_perinuclear_tau_shadow_sector_fraction;code_perinuclear_tau_shell_angular_mad;code_perinuclear_tau_shell_enrichment;code_perinuclear_tau_signal_fraction;code_tau_perinuclear_peak_offset_normalized;code_tau_puncta_perinuclear_enrichment_ratio;vlm_nuclear_bipolar_tau_cap_score;vlm_nuclear_clearance_shadow_orientation_score;vlm_perinuclear_cytoplasm_thickness_imbalance_score;vlm_perinuclear_tau_band_width_irregularity_score;vlm_perinuclear_tau_crescent_bias_score;vlm_perinuclear_tau_crowding_score;vlm_perinuclear_tau_enrichment_score;vlm_perinuclear_tau_ring_completeness_score;vlm_perinuclear_tau_sector_compaction_score;vlm_perinuclear_tau_sector_edge_synchrony_score;vlm_perinuclear_to_peripheral_grain_size_transition_score
BP01,Intracellular sorting,细胞内分选,BP01_SA2,SA2,Nuclear–cytoplasmic compartments,核–胞质区室,9,code_cytoplasmic_tau_nuclear_exclusion_ratio;code_nuclear_exclusion_front_sharpness_cv;code_nuclear_tau_exclusion_index;code_nucleus_to_edge_tau_onoff_transition_density;code_tau_nuclear_clearance_depth_integral;vlm_droplet_nuclear_avoidance_zone_score;vlm_nuclear_tau_exclusion_clarity_score;vlm_nuclear_tau_intrusion_score;vlm_nucleus_to_edge_tau_clearance_asymmetry_score
BP01,Intracellular sorting,细胞内分选,BP01_SA3,SA3,Boundary / cortex,边界/皮层,8,code_aggregate_nuclear_proximity_weighted_intensity;code_nuclear_boundary_tau_gradient_peak;code_nuclear_cytoplasm_tau_interface_contrast_cv;code_nuclear_tau_aggregate_contact_arc_fraction;code_nuclear_tau_boundary_patch_fragmentation;vlm_filament_nuclear_tangential_wrapping_score;vlm_nuclear_boundary_tau_contact_pressure_score;vlm_nuclear_proximity_tau_object_size_gradient_score
BP01,Intracellular sorting,细胞内分选,BP01_SA4,SA4,Whole-cell geometry,整细胞几何,8,code_tau_centroid_to_nucleus_axis_alignment;code_tau_half_mass_distance_from_nucleus;code_tau_intensity_centroid_offset_from_nucleus;code_tau_mass_nucleus_cell_axis_third_moment;code_tau_nucleus_distance_intensity_mutual_information;code_tau_radial_distance_kurtosis_about_nucleus;code_tau_radial_intensity_slope_from_nucleus;vlm_tau_puncta_perinuclear_sg_clustering_score
BP02,Spatial polarization,空间极化,BP02_SA1,SA1,Perinuclear ring,核周环,5,code_cytoplasmic_tau_angular_polarity;code_tau_angular_second_harmonic_strength;code_tau_angular_sector_entropy_deficit;code_tau_shape_axis_mass_laterality;vlm_cell_long_axis_tau_cap_enrichment_score
BP02,Spatial polarization,空间极化,BP02_SA2,SA2,Cytoplasm / soma,胞质/胞体,8,code_cell_periphery_tau_enrichment;code_cytoplasm_tau_interior_periphery_variance_ratio;code_cytoplasmic_tau_opening_spectrum_centroid;vlm_soma_dominant_tau_visual_score;vlm_soma_edge_tau_leakage_score;vlm_somatic_tau_dominance_score;vlm_tau_compartment_mislocalization_visual;vlm_tau_structure_compartmental_segregation_score
BP02,Spatial polarization,空间极化,BP02_SA3,SA3,Radial shell,径向壳层,14,code_cell_tau_distal_geodesic_mass_fraction;code_cell_tau_geodesic_distance_dispersion;code_cell_tau_radial_entropy;code_cytoplasm_tau_radial_decile_heterogeneity;code_cytoplasm_tau_radial_mass_iqr_width;code_cytoplasm_tau_radial_quantile_bow;code_cytoplasmic_tau_radial_enrichment_bandwidth;code_cytoplasmic_tau_radial_peak_prominence;code_cytoplasmic_tau_radial_transition_total_variation;code_radial_tau_distribution_entropy;code_tau_geodesic_profile_inflection_count;code_tau_radial_chord_continuity_median;code_tau_radial_mass_earthmover_distance;code_tau_radial_shell_mass_skewness
BP02,Spatial polarization,空间极化,BP02_SA4,SA4,Whole-cell geometry,整细胞几何,8,code_cell_tau_medial_axis_affinity;code_cytoplasm_tau_isolevel_centroid_tortuosity;code_high_tau_centroid_delaunay_length_cv;code_tau_intensity_centroid_centrality;code_tau_mass_covariance_elongation;code_tau_mass_principal_axis_kurtosis;vlm_cytoplasmic_tau_shear_flow_alignment_score;vlm_tau_mass_centroid_offcenter_score
BP03,Neurite trafficking,神经突转运,BP03_SA1,SA1,Cytoplasm / soma,胞质/胞体,2,vlm_soma_neurite_texture_transition_abruptness_score;vlm_soma_process_tau_blending_score
BP03,Neurite trafficking,神经突转运,BP03_SA2,SA2,Neurites / processes,神经突/突起,4,vlm_axonal_polarity_loss_visual;vlm_cell_process_tau_taper_preservation_score;vlm_neurite_tau_phase_slip_banding_score;vlm_neurite_tau_taper_mismatch_score
BP03,Neurite trafficking,神经突转运,BP03_SA3,SA3,Branch points,分支点,5,vlm_branch_like_tau_invasion_score;vlm_dendritic_branch_order_tau_persistence_score;vlm_dendritic_branchpoint_tau_nodal_score;vlm_dendritic_tau_branch_order_gradient_reversal_score;vlm_dendritic_thread_knot_entanglement_score
BP03,Neurite trafficking,神经突转运,BP03_SA4,SA4,Process terminals,突起终末,4,vlm_distal_neurite_tau_continuity_score;vlm_distal_neurite_terminal_bulb_tau_score;vlm_neurite_aggregate_comet_tail_orientation_score;vlm_terminal_sheet_like_tau_spread_score
BP03,Neurite trafficking,神经突转运,BP03_SA5,SA5,Process shafts,突起干,5,vlm_dendritic_thread_inclusion_score;vlm_neurite_bead_size_distance_trend_score;vlm_neurite_beading_fragmentation_score;vlm_neurite_shaft_tau_swelling_score;vlm_proximal_neurite_tau_choke_point_score
BP04,Condensate dynamics,凝聚体动态,BP04_SA1,SA1,Local texture,局部纹理,3,code_cytoplasm_tau_spot_to_haze_energy_ratio;vlm_cytoplasmic_granular_haze_score;vlm_diffuse_to_punctate_soma_conversion_score
BP04,Condensate dynamics,凝聚体动态,BP04_SA2,SA2,Puncta / granules / foci,点状/颗粒/焦点,11,code_cytoplasmic_tau_blob_scale_geometric_mean;code_cytosolic_tau_log_blob_scale_cv;code_droplet_boundary_tau_gradient_enrichment;code_droplet_tau_asymmetric_cap_fraction;code_droplet_tau_centroid_offset_index;code_droplet_tau_fraction_of_cell_signal;code_droplet_tau_hotspot_proximity_index;code_droplet_tau_recruitment_contrast;code_tau_log_punctateness_index;vlm_punctate_tau_condensate_burden_score;vlm_somatic_tau_microgranule_density_score
BP04,Condensate dynamics,凝聚体动态,BP04_SA3,SA3,Filaments / ridges,细丝/脊线,9,code_cytoplasmic_tau_hessian_blob_ridge_balance;code_filament_tau_beading_coefficient;vlm_bundle_surface_puncta_decoration_score;vlm_droplet_bundle_wetting_flattening_score;vlm_droplet_filament_anchor_multiplicity_score;vlm_droplet_filament_endpoint_tethering_score;vlm_droplet_filament_interface_seeding_score;vlm_droplet_size_gradient_along_filaments_score;vlm_punctate_to_filamentous_tau_balance
BP04,Condensate dynamics,凝聚体动态,BP04_SA4,SA4,Composite objects,复合对象,18,code_cytosolic_tau_puncta_spacing_mad_ratio;code_tau_puncta_ripley_l_peak;vlm_cytoplasmic_tau_puncta_lattice_order_score;vlm_cytoplasmic_tau_puncta_pair_spacing_dispersion_score;vlm_droplet_attachment_fraction_visual_score;vlm_droplet_clusteredness_score;vlm_droplet_coalescence_necking_score;vlm_droplet_contact_side_tau_polarity_score;vlm_droplet_interstitial_tau_web_trapping_score;vlm_droplet_peripheral_enrichment_score;vlm_droplet_population_dominance_score;vlm_droplet_satellite_puncta_collar_score;vlm_droplet_shadow_overlap_field_score;vlm_droplet_size_assortative_neighborhood_score;vlm_droplet_size_radial_sorting_score;vlm_droplet_string_spacing_regularity_score;vlm_somatic_puncta_radial_bias_score;vlm_stress_granule_like_tau_puncta_uniformity_score
BP04,Condensate dynamics,凝聚体动态,BP04_SA5,SA5,Boundary / cortex,边界/皮层,8,code_tau_condensate_intensity_size_allometry;vlm_droplet_internal_tau_mottling_score;vlm_droplet_rim_bead_angular_periodicity_score;vlm_droplet_rim_sector_polarization_score;vlm_droplet_size_rim_brightness_order_score;vlm_droplet_tau_rim_core_inversion_score;vlm_tau_condensate_core_shell_contrast_score;vlm_tau_condensate_shell_thickness_heterogeneity_score
BP05,Cytoskeletal remodeling,细胞骨架重塑,BP05_SA1,SA1,Filaments / ridges,细丝/脊线,26,code_bundle_tau_orientation_radial_misalignment;code_bundle_tau_structure_tensor_anisotropy;code_cytoplasmic_tau_structure_tensor_radial_alignment;code_filament_curvature_tau_intensity_coupling;code_filament_radial_orientation_bias;code_filament_tau_beadiness_cv;code_filament_tau_loading_heterogeneity_index;code_filament_tau_longitudinal_autocorrelation_peak;code_filament_tau_transverse_decay_slope;code_tau_filamentous_vesselness_coupling;code_tau_radon_projection_anisotropy;code_tau_ridge_coherence_in_cytoplasm;code_tau_ridge_orientation_coherence_length;vlm_cell_margin_filament_exit_angle_bias_score;vlm_curved_filament_inner_outer_brightness_bias_score;vlm_filament_bend_brightness_coupling_score;vlm_filament_endpoint_fraying_score;vlm_filament_midshaft_intensity_pulsing_score;vlm_filament_orientation_coherence_score;vlm_filament_radial_spoke_alignment_score;vlm_filament_tip_brightness_taper_score;vlm_somatic_fibril_counterflow_domain_score;vlm_somatic_fibril_spiral_pitch_variability_score;vlm_somatic_fibril_swirl_directionality_score;vlm_somatic_fibril_vortex_center_offset_score;vlm_somatic_tau_lamellar_onion_skin_score
BP05,Cytoskeletal remodeling,细胞骨架重塑,BP05_SA2,SA2,Bundles / fascicles,粗束/束状结构,12,code_bundle_compact_inclusion_burden;code_bundle_tau_burden_fraction;code_bundle_tau_core_to_halo_contrast;code_bundle_tau_lateral_intensity_skewness;vlm_bundle_core_hollowing_score;vlm_bundle_cross_section_striation_anisotropy_score;vlm_bundle_internal_strand_resolvability_score;vlm_bundle_lateral_fibril_shedding_score;vlm_bundle_lumen_edge_asymmetry_score;vlm_bundle_striation_longitudinal_drift_score;vlm_bundle_striation_phase_locking_score;vlm_bundle_width_varicosity_score
BP05,Cytoskeletal remodeling,细胞骨架重塑,BP05_SA3,SA3,Bundle junctions,粗束连接,18,code_bundle_tau_boundary_arc_discontinuity;code_filament_bundle_orientation_coherence;code_filament_bundle_skeleton_length_density;vlm_bundle_axis_waviness_score;vlm_bundle_contour_raggedness_score;vlm_bundle_crossing_brightness_hierarchy_score;vlm_bundle_end_taper_bluntness_score;vlm_bundle_local_kink_concentration_score;vlm_bundle_terminal_fanout_score;vlm_filament_bundle_contact_angle_diversity_score;vlm_filament_bundle_disorganization_score;vlm_filament_bundle_entry_splay_score;vlm_filament_bundle_hierarchical_fasciculation_score;vlm_filament_bundle_merge_zone_fuzziness_score;vlm_filament_bundle_partition_score;vlm_filament_to_bundle_orientation_mismatch_score;vlm_filament_to_bundle_transition_score;vlm_round_to_fibrillar_transition_front_score
BP05,Cytoskeletal remodeling,细胞骨架重塑,BP05_SA4,SA4,Connected network,连通网络,11,code_cytoplasm_tau_laplacian_zero_crossing_density;code_filament_skeleton_tau_continuity;code_filament_skeleton_tortuosity;code_filament_tau_skeleton_gap_fraction;vlm_filament_cell_span_fraction_score;vlm_filament_crossing_complexity_score;vlm_filament_intersection_brightness_node_score;vlm_filament_length_scale_bimodality_score;vlm_filament_loop_area_polydispersity_score;vlm_filament_network_cycle_density_score;vlm_filament_short_gap_reconnection_score
BP06,Lesion maturation,病灶成熟,BP06_SA1,SA1,Puncta / granules / foci,点状/颗粒/焦点,13,code_compact_to_linear_aggregate_balance;code_high_tau_component_solidity_weighted_mean;code_high_tau_object_shape_intensity_correlation;code_intensity_weighted_aggregate_eccentricity;code_tau_aggregate_mass_partition_entropy;code_tau_component_shape_diversity_entropy;code_tau_positive_convexity_defect_ratio;vlm_aggregate_size_diversity_score;vlm_large_tau_inclusion_prominence_score;vlm_tau_aggregate_morphotype_complexity;vlm_tau_bright_mass_compaction_index;vlm_tau_object_class_local_entropy_score;vlm_tau_object_size_intensity_rank_discordance_score
BP06,Lesion maturation,病灶成熟,BP06_SA2,SA2,Composite objects,复合对象,7,code_high_tau_component_crowding_inverse_distance;code_high_tau_component_radial_size_sorting;code_tau_high_signal_object_texture_dispersion;code_tau_hotspot_mark_correlation_decay_length;code_tau_hotspot_voronoi_territory_inequality;vlm_somatic_multifocal_seed_burden_score;vlm_tau_hotspot_radial_dispersion_score
BP06,Lesion maturation,病灶成熟,BP06_SA3,SA3,Cytoplasm / soma,胞质/胞体,12,code_adaptive_tau_hotspot_area_fraction;code_aggregate_component_density_normalized;code_cytoplasmic_tau_threshold_largest_component_auc;code_dominant_aggregate_area_occupancy;code_high_tau_component_contour_curvature_skewness;code_segmented_aggregate_tau_fraction;code_tau_hotspot_interior_exterior_gradient_ratio;code_tau_levelset_centroid_drift_index;code_tau_superlevel_area_curve_roughness;code_tau_superlevel_component_burstiness;code_tau_superlevel_component_persistence_auc;vlm_somatic_inclusion_severity_visual
BP06,Lesion maturation,病灶成熟,BP06_SA4,SA4,Boundary / cortex,边界/皮层,8,code_high_tau_component_boundary_distance_skew;code_high_tau_component_boundary_rugosity;code_tau_high_intensity_object_edge_sharpness;vlm_somatic_inclusion_edge_crispness_score;vlm_tau_aggregate_depletion_halo_score;vlm_tau_object_boundary_feathering_directionality_score;vlm_tau_object_boundary_interdigitation_score;vlm_tau_object_edge_polarity_reversal_score
BP07,Interface remodeling,界面重塑,BP07_SA1,SA1,Local texture,局部纹理,2,vlm_diffuse_tau_contour_conformity_score;vlm_tau_domain_edge_softness_heterogeneity_score
BP07,Interface remodeling,界面重塑,BP07_SA2,SA2,Boundary / cortex,边界/皮层,5,code_cell_boundary_tau_penetration_depth;code_cell_edge_tau_halo_excess_ratio;code_cell_edge_tau_inward_gradient_skewness;code_tau_cell_edge_arc_run_entropy;vlm_cell_periphery_tau_rim_sharpness_score
BP07,Interface remodeling,界面重塑,BP07_SA3,SA3,Radial shell,径向壳层,8,code_boundary_band_tau_fourier_peak_fraction;code_cytoplasm_tau_entropy_radial_gradient;code_cytoplasmic_tau_gradient_magnitude_gini;code_cytoplasmic_tau_gradient_orientation_entropy;code_tau_boundary_distance_information_coupling;code_tau_boundary_distance_isotonic_fit_error;code_tau_boundary_distance_quantile_spline_curvature;vlm_tau_radial_shell_gradient_score
BP08,Proteostasis stress,蛋白稳态应激,BP08_SA1,SA1,Local texture,局部纹理,21,code_cytoplasm_tau_directional_variogram_anisotropy;code_cytoplasm_tau_gray_run_length_nonuniformity;code_cytoplasm_tau_log_gabor_orientation_dispersion;code_cytoplasmic_tau_bandpass_granularity_ratio;code_cytoplasmic_tau_coarse_to_fine_wavelet_ratio;code_cytoplasmic_tau_fine_energy_coarse_intensity_correlation;code_cytoplasmic_tau_glcm_homogeneity_anisotropy;code_cytoplasmic_tau_local_contrast_skewness;code_cytoplasmic_tau_local_dynamic_range;code_cytoplasmic_tau_moran_autocorrelation;code_cytoplasmic_tau_multiscale_mad_slope;code_cytoplasmic_tau_phase_congruency_density;code_cytoplasmic_tau_rank_variogram_slope;code_cytoplasmic_tau_rof_residual_fraction;code_tau_cell_glcm_correlation_decay_length;code_tau_granularity_small_to_large_scale_ratio;code_tau_midband_spectral_flatness;code_tau_multiscale_granularity_ratio;code_tau_rank_power_spectrum_slope;code_tau_wavelet_scale_energy_entropy;vlm_somatic_tau_texture_scale_mixing_score
BP08,Proteostasis stress,蛋白稳态应激,BP08_SA2,SA2,Composite objects,复合对象,10,code_cell_tau_boxcount_fractal_dimension;code_cytoplasmic_tau_multiscale_lacunarity;code_cytoplasmic_tau_percolation_threshold_span;code_pericellular_tau_contact_fraction;code_tau_lacunarity_cell_texture;code_tau_microterritory_mass_entropy;code_tau_superpixel_mosaic_transition_entropy;vlm_cytoplasmic_tau_mosaic_irregularity_score;vlm_somatic_tau_patch_domain_scale_score;vlm_tau_cytoplasmic_lacunarity_index
BP08,Proteostasis stress,蛋白稳态应激,BP08_SA3,SA3,Cytoplasm / soma,胞质/胞体,14,code_cell_tau_gini_heterogeneity;code_cell_tau_intensity_gini;code_cytoplasm_tau_peak_prominence_gini;code_cytoplasm_tau_tail_balance_ratio;code_cytoplasmic_tau_bimodality_coefficient;code_cytoplasmic_tau_extreme_value_tail_index;code_cytoplasmic_tau_intensity_gini;code_cytoplasmic_tau_smooth_haze_fraction;code_cytoplasmic_tau_upper_tail_contrast;code_high_tau_area_fraction_in_cell;code_robust_high_tau_area_fraction;vlm_intracellular_tau_heterogeneity_score;vlm_somatic_diffuse_tau_haze_score;vlm_tau_peak_to_haze_balance_score
BP09,Compartment fragmentation,区室碎裂,BP09_SA1,SA1,Connected network,连通网络,5,vlm_cytoplasmic_tau_channel_connectivity_score;vlm_cytoplasmic_tau_isthmus_connectivity_score;vlm_radial_tau_corridor_alignment_score;vlm_tau_free_cytoplasmic_corridor_continuity_score;vlm_tau_gap_skip_pattern_severity_score
BP09,Compartment fragmentation,区室碎裂,BP09_SA2,SA2,Mesh / honeycomb / voids,网状/蜂窝/空洞,17,code_cytoplasmic_tau_void_size_entropy;code_tau_dark_basin_depth_entropy;code_tau_honeycomb_wall_hole_contrast;code_tau_mesh_hole_area_fraction;code_tau_network_euler_characteristic_density;code_tau_superlevel_hole_lifetime_mean;vlm_cytosolic_tau_void_size_heterogeneity_score;vlm_nuclear_tau_gap_peninsula_ruggedness_score;vlm_nucleus_adjacent_tau_void_penetration_score;vlm_reticular_honeycomb_soma_score;vlm_reticular_honeycomb_tau_pattern_score;vlm_reticular_mesh_wall_thickness_cv_score;vlm_reticular_pore_coalescence_front_asymmetry_score;vlm_somatic_dark_pore_rim_enhancement_score;vlm_somatic_honeycomb_mesh_score;vlm_somatic_reticular_pore_radial_maturation_score;vlm_tau_void_partitioning_barrier_score
BP10,Mechanical stress,机械应力,BP10_SA1,SA1,Nuclear–cytoplasmic compartments,核–胞质区室,7,vlm_cell_nucleus_geometric_offset_ratio;vlm_nuclear_cell_axis_mirror_tau_asymmetry_score;vlm_nuclear_displacement_by_tau_inclusion_score;vlm_nuclear_displacement_by_tau_mass_score;vlm_nucleus_aggregate_axis_torque_score;vlm_nucleus_cell_axis_tau_projection_score;vlm_nucleus_cytoplasm_area_balance_score
BP10,Mechanical stress,机械应力,BP10_SA2,SA2,Boundary / cortex,边界/皮层,3,vlm_cell_boundary_tau_indent_pressure_score;vlm_cell_boundary_tau_retraction_mantle_score;vlm_cell_edge_tau_budding_protrusion_score
BP10,Mechanical stress,机械应力,BP10_SA3,SA3,Whole-cell geometry,整细胞几何,3,vlm_cell_mask_process_arborization_score;vlm_cellular_tau_failure_collapse_score;vlm_tau_positive_cell_area_utilization_score
BP11,Release and spreading,释放与传播,BP11_SA1,SA1,Extracellular region,细胞外区域,5,code_extracellular_tau_aggregate_burden_fraction;code_extracellular_tau_skeleton_complexity_index;vlm_extracellular_ghost_tangle_likelihood;vlm_extracellular_orphan_tau_deposit_score;vlm_extracellular_tau_remnant_score
