feature,n_genes,genes
code_adaptive_tau_hotspot_area_fraction,13,AADAT;ADORA2A;BORCS8;C1ORF112;CDKN2D;ETAA1;KCNJ8;KIF16B;PDGFRA;POFUT1;RPP25;SNHG4;TRIM52-AS1
code_aggregate_component_density_normalized,20,AKAP13;ARG2;ARHGAP31;ARHGAP39;ARL13B;BRWD1;ERF;HUS1;JAM3;KLHDC3;MIR9-3HG;NCLN;NECAB2;NNT;SNHG4;ST6GALNAC3;TTC33;UIMC1;ZIM2;ZNF592
code_aggregate_nuclear_proximity_weighted_intensity,11,ARG2;DNAJC19;EFCAB10;HUS1;KLHDC3;MYG1;RALY;ST6GALNAC3;TCTA;UIMC1;ZNF592
code_boundary_band_tau_fourier_peak_fraction,4,CD320;NBPF20;STK39;TRIM26
code_bundle_compact_inclusion_burden,5,CPVL;DCAF7;DERPC;ETFB;ZNF592
code_bundle_tau_boundary_arc_discontinuity,4,DCAF7;DERPC;ETFB;ZNF592
code_bundle_tau_burden_fraction,7,CPVL;DCAF7;DERPC;DNAJC19;ETFB;XPO4;ZNF592
code_bundle_tau_core_to_halo_contrast,4,BSDC1;GOLGA8A;STAT2;ZNF275
code_bundle_tau_lateral_intensity_skewness,5,CPVL;DAG1;DERPC;ETFB;ZNF592
code_bundle_tau_orientation_radial_misalignment,4,ANKRD7;BSDC1;MTPN;SLC3A2
code_bundle_tau_structure_tensor_anisotropy,4,DERPC;DNAJC19;MZT2B;ZNF592
code_cell_boundary_tau_penetration_depth,4,CCDC186;DOK6;PCDHGA7;TAF9
code_cell_edge_tau_halo_excess_ratio,1,NT5C2
code_cell_edge_tau_inward_gradient_skewness,3,ERVK13-1;RBM33;TCTA
code_cell_periphery_tau_enrichment,3,MON1A;PCDHGA7;STMN4
code_cell_tau_boxcount_fractal_dimension,13,APBB1;BORCS8;CHMP5;FNIP1;NLGN3;NUDT2;PDGFRA;PPP1R8;RBPMS2;RECQL;RPS16;SLC9A6;SOX12
code_cell_tau_distal_geodesic_mass_fraction,3,FAAP100;MRPS18B;ZSWIM3
code_cell_tau_geodesic_distance_dispersion,3,AIMP1;SH3BP5-AS1;ZIM2
code_cell_tau_gini_heterogeneity,6,KCNJ8;MSL1;NXF1;PAXBP1;STAT2;USB1
code_cell_tau_intensity_gini,6,KCNJ8;MSL1;NXF1;PAXBP1;STAT2;USB1
code_cell_tau_medial_axis_affinity,7,AIMP1;APOOL;APPL1;EIF3K;PABPC1L;PPT2;ZSWIM3
code_cell_tau_radial_entropy,19,BTD;CEPT1;CRYZ;ETAA1;IWS1;KIF16B;KLHL7;NPRL3;PAXBP1;PDCD6IP;PDGFRA;PGGT1B;RPL39;RPS16;RPS29;RPS3;TMF1;UQCRH;ZNF140
code_compact_to_linear_aggregate_balance,2,IMMT;KNOP1
code_cytoplasm_nuclear_tau_enrichment_ratio,1,OBI1
code_cytoplasm_tau_directional_variogram_anisotropy,4,ANKRD12;SUV39H1;SYAP1;ZNF738
code_cytoplasm_tau_entropy_radial_gradient,1,TSC22D2
code_cytoplasm_tau_gray_run_length_nonuniformity,12,AADAT;CDKN2D;EIF3K;EPHX1;MCU;PAXBP1;POFUT1;RNF10;SLC3A2;SPOUT1;TEN1-CDK3;USB1
code_cytoplasm_tau_interior_periphery_variance_ratio,1,LINC00581
code_cytoplasm_tau_isolevel_centroid_tortuosity,3,LDLRAP1;PLS1;PSMG3
code_cytoplasm_tau_laplacian_zero_crossing_density,5,CCP110;DCAF7;SCAND1;SYAP1;VPS72
code_cytoplasm_tau_log_gabor_orientation_dispersion,5,ANKRD12;IGBP1;SUV39H1;SYAP1;ZNF738
code_cytoplasm_tau_peak_prominence_gini,1,CCDC85C
code_cytoplasm_tau_radial_decile_heterogeneity,13,BTN2A2;C1ORF112;EXOSC1;LINC02256;MIGA1;MTMR3;NPIPB5;PFKFB3;SUGP1;TCEAL1;TMEM167B;UBE2Q1;ZNF140
code_cytoplasm_tau_radial_mass_iqr_width,2,ATP1B3;CHMP7
code_cytoplasm_tau_radial_quantile_bow,3,DOK6;PCDHGA7;RCHY1
code_cytoplasm_tau_spot_to_haze_energy_ratio,6,AADAT;ARL14EP;CTC1;MIGA1;NPIPB5;PAXBP1
code_cytoplasm_tau_tail_balance_ratio,9,AADAT;C1ORF112;EGLN2;EIF3K;GPKOW;KCNJ8;MICAL1;PAXBP1;STAT2
code_cytoplasmic_tau_angular_polarity,1,BSDC1
code_cytoplasmic_tau_bandpass_granularity_ratio,7,AADAT;CS;MIGA1;NPIPB5;NXF1;PAXBP1;RPS15
code_cytoplasmic_tau_bimodality_coefficient,3,CRYZ;ETAA1;SOX12
code_cytoplasmic_tau_blob_scale_geometric_mean,2,HBS1L;TTC21B
code_cytoplasmic_tau_coarse_to_fine_wavelet_ratio,2,ANKRD12;PABPC1L
code_cytoplasmic_tau_extreme_value_tail_index,10,CTC1;EPHX1;MFN2;NPIPB5;NXF1;PAXBP1;RNF10;SLC20A2;TMF1;USB1
code_cytoplasmic_tau_fine_energy_coarse_intensity_correlation,5,C1QTNF6;EGLN2;GPKOW;KCNJ8;MICAL1
code_cytoplasmic_tau_glcm_homogeneity_anisotropy,1,MRPS18B
code_cytoplasmic_tau_gradient_magnitude_gini,6,DERPC;ERVK13-1;MZT2B;PPP1R8;SNHG1;SYAP1
code_cytoplasmic_tau_gradient_orientation_entropy,7,ANKRD12;DERPC;IGBP1;SUV39H1;SYAP1;UNK;ZNF738
code_cytoplasmic_tau_hessian_blob_ridge_balance,4,ANKRD12;CCP110;SYAP1;ZNF592
code_cytoplasmic_tau_intensity_gini,6,KCNJ8;MSL1;NXF1;PAXBP1;STAT2;ZNF140
code_cytoplasmic_tau_local_contrast_skewness,3,HBS1L;OGDH;ZNF830
code_cytoplasmic_tau_local_dynamic_range,4,ANKRD12;NPIPB5;NXF1;PABPC1L
code_cytoplasmic_tau_moran_autocorrelation,4,ANKRD12;CORO1A;LMNTD1;SNX24
code_cytoplasmic_tau_multiscale_lacunarity,5,ADORA2A;EGLN2;FRMD6;GPKOW;KCNJ8
code_cytoplasmic_tau_multiscale_mad_slope,3,MACROD1;NXF1;PABPC1L
code_cytoplasmic_tau_nuclear_exclusion_ratio,1,OBI1
code_cytoplasmic_tau_opening_spectrum_centroid,4,NPIPB5;NXF1;PABPC1L;PAXBP1
code_cytoplasmic_tau_percolation_threshold_span,6,ADORA2A;C19ORF47;CDKN2D;MANF;RRN3;TLCD4
code_cytoplasmic_tau_phase_congruency_density,4,CCP110;LRRN3;SLC41A1;SYAP1
code_cytoplasmic_tau_radial_enrichment_bandwidth,5,DAGLB;KAT6A;PHF21A;PIAS2;THTPA
code_cytoplasmic_tau_radial_peak_prominence,4,ASH1L;C17ORF49;MYO6;TSR2
code_cytoplasmic_tau_radial_transition_total_variation,11,CCSER2;CUEDC2;EMC4;F8A1;MARCHF6;PTPN2;RPL36;SNRPB2;TNNI3;TTC5;UQCRH
code_cytoplasmic_tau_rank_variogram_slope,7,AADAT;ANKRD12;BTN2A2;CORO1A;NPIPB5;NXF1;PABPC1L
code_cytoplasmic_tau_rof_residual_fraction,9,AADAT;KCNJ8;MIGA1;NPIPB5;NXF1;PABPC1L;PAXBP1;TTC21B;ZNF275
code_cytoplasmic_tau_smooth_haze_fraction,6,AADAT;KCNJ8;NXF1;PAXBP1;STAT2;ZNF140
code_cytoplasmic_tau_structure_tensor_radial_alignment,16,AADAT;AIMP1;BSDC1;BTD;GOLGA8A;MIGA1;MTPN;NPIPB5;PAXBP1;RNPC3;STAT2;TMEM167B;TRAF2;UBE2Q1;ZNF140;ZNF275
code_cytoplasmic_tau_threshold_largest_component_auc,3,DROSHA;NXF1;SNX24
code_cytoplasmic_tau_upper_tail_contrast,4,EIF3K;KCNJ8;MSL1;STAT2
code_cytoplasmic_tau_void_size_entropy,2,HSD17B11;UTP15
code_cytosolic_tau_log_blob_scale_cv,4,C19ORF47;COX8A;FBLIM1;FOXN3
code_cytosolic_tau_puncta_spacing_mad_ratio,6,ADORA2A;FAAP100;GNG12;GPKOW;RGS2;ZNF581
code_dominant_aggregate_area_occupancy,10,ARG2;DNAJC19;EFCAB10;JAM3;KLHDC3;NNT;SERTAD2;ST6GALNAC3;ZIM2;ZNF592
code_droplet_boundary_tau_gradient_enrichment,3,KNOP1;NDUFB1;NNT
code_droplet_tau_asymmetric_cap_fraction,5,KNOP1;NDUFB1;NNT;PSMA6;SIGMAR1
code_droplet_tau_centroid_offset_index,4,KNOP1;NDUFB1;NNT;ZNF592
code_droplet_tau_fraction_of_cell_signal,5,KNOP1;NDUFB1;NNT;PSMA6;TIMM8B
code_droplet_tau_hotspot_proximity_index,4,KNOP1;NDUFB1;NNT;ZNF592
code_droplet_tau_recruitment_contrast,5,KNOP1;NDUFB1;NNT;PSMA6;ZNF592
code_extracellular_tau_aggregate_burden_fraction,1,SYAP1
code_extracellular_tau_skeleton_complexity_index,2,CTBP1;NDUFAF8
code_filament_bundle_orientation_coherence,3,DVL2;GABPB1;LARP1B
code_filament_bundle_skeleton_length_density,21,ARFGEF2;ARHGAP39;BMPR1B;CPVL;DAG1;DNAJC19;DZIP3;EGLN2;HSPA4;HUS1;JAM3;LTBP3;NCLN;NLGN3;SERTAD2;SLC20A2;SNHG4;ST6GALNAC3;TTC7A;UIMC1;ZIM2
code_filament_curvature_tau_intensity_coupling,3,GAL;MAP2K2;NOMO3
code_filament_radial_orientation_bias,4,API5;CLGN;PCDHGC3;ZNF304
code_filament_skeleton_tau_continuity,14,AADAT;EGLN2;GALNT7;HDHD3;MICAL1;MIGA1;MIR9-3HG;MTMR3;PAXBP1;SLC20A2;TCEAL1;TMEM167B;ZNF275;ZNF667-AS1
code_filament_skeleton_tortuosity,23,AADAT;APPL2;CTC1;EGLN2;GALNT7;LMBRD2;MICAL1;MIGA1;MIR9-3HG;MTMR3;NLGN3;NT5C2;PAXBP1;RAB11FIP1;RAPGEF6;SLC20A2;SNHG4;TCEAL1;TMEM167B;TTC21B;WASHC2A;ZNF275;ZNF667-AS1
code_filament_tau_beadiness_cv,3,GALNT7;MIGA1;ZNF275
code_filament_tau_beading_coefficient,4,CCP110;CPVL;SYAP1;ZDHHC4
code_filament_tau_loading_heterogeneity_index,2,CEPT1;TAF1A
code_filament_tau_longitudinal_autocorrelation_peak,6,AKAP12;ANKRD12;BTD;CORO1A;NXF1;ZNF275
code_filament_tau_skeleton_gap_fraction,9,ARHGEF26;B4GALT5;GTF2H1;KNOP1;LMNTD1;MICAL1;NARS1;SERTAD2;ZNF275
code_filament_tau_transverse_decay_slope,6,C6ORF62;CCP110;LRRN3;MLX;PEG10;TLE5
code_high_tau_area_fraction_in_cell,15,AADAT;ADORA2A;ARHGAP12;BORCS8;C1ORF112;CDKN2D;CRYZ;EPHX1;ETAA1;GPKOW;KCNJ8;POFUT1;RPP25;SNHG4;USB1
code_high_tau_centroid_delaunay_length_cv,7,BTD;MIGA1;MIR9-3HG;PAXBP1;RPS16;SOX12;ZNF140
code_high_tau_component_boundary_distance_skew,2,GTPBP10;STYX
code_high_tau_component_boundary_rugosity,7,CALCB;CRYZ;DUS4L-BCAP29;EPHX1;ETAA1;MANF;SERPINH1
code_high_tau_component_contour_curvature_skewness,2,CCP110;METRNL
code_high_tau_component_crowding_inverse_distance,1,ZNF592
code_high_tau_component_radial_size_sorting,2,LRP8;ZNF275
code_high_tau_component_solidity_weighted_mean,5,DERPC;DROSHA;EHBP1;SSH2;ZNF592
code_high_tau_object_shape_intensity_correlation,2,SPOPL;TSPAN31
code_intensity_weighted_aggregate_eccentricity,3,HBS1L;SERTAD2;ZIM2
code_nuclear_boundary_tau_gradient_peak,3,ACAT1;ADCYAP1R1;SERPINA5
code_nuclear_cytoplasm_tau_interface_contrast_cv,1,SCYL2
code_nuclear_exclusion_front_sharpness_cv,3,ENOX2;LINC01409;ORC4
code_nuclear_ring_tau_azimuthal_heterogeneity,8,CMTR2;HBS1L;NPIPB5;PRRC2C;STAT2;TCEAL1;TMEM167B;USB1
code_nuclear_tau_aggregate_contact_arc_fraction,4,BTN2A2;CORO1A;NXF1;TCEAL1
code_nuclear_tau_boundary_patch_fragmentation,7,APPL2;CEPT1;NPIPB5;RAE1;TRIM3;USB1;ZNF536
code_nuclear_tau_exclusion_index,1,OBI1
code_nucleus_to_edge_tau_onoff_transition_density,4,AP2A2;CTBP1;NXF1;SNX24
code_pericellular_tau_contact_fraction,2,EIF3K;EPHX1
code_perinuclear_low_tau_crescent_eccentricity,1,TSPAN31
code_perinuclear_tau_annular_gap_length_cv,4,CHD6;SLC39A11;SPPL2A;TMEM51
code_perinuclear_tau_annulus_radial_phase_lag,4,COX20;GSTM2;PABPC1L;POFUT1
code_perinuclear_tau_cap_angular_sharpness,5,C19ORF47;CEP152;DHX15;RNPC3;TMEM25
code_perinuclear_tau_cap_resultant_strength,5,ACTG1;IGFBP4;PABPC1L;SNRPC;VCL
code_perinuclear_tau_closing_gap_recovery,1,TTC21B
code_perinuclear_tau_enrichment_ratio,3,FAAP100;TLCD4;ZSWIM3
code_perinuclear_tau_ring_width_halfmax,2,MCEE;ZSWIM3
code_perinuclear_tau_shadow_sector_fraction,2,PNMA8C;TSC22D2
code_perinuclear_tau_shell_angular_mad,7,CMTR2;FBXO30;HBS1L;MLST8;PLA2G12A;SNX24;TCEAL1
code_perinuclear_tau_shell_enrichment,1,NLGN3
code_perinuclear_tau_signal_fraction,1,PRMT3
code_radial_tau_distribution_entropy,19,BTD;CEPT1;CRYZ;ETAA1;IWS1;KIF16B;KLHL7;NPRL3;PAXBP1;PDCD6IP;PDGFRA;PGGT1B;RPL39;RPS16;RPS29;RPS3;TMF1;UQCRH;ZNF140
code_robust_high_tau_area_fraction,15,AADAT;ADORA2A;ARHGAP12;BORCS8;C1ORF112;CDKN2D;CRYZ;EPHX1;ETAA1;GPKOW;KCNJ8;POFUT1;RPP25;SNHG4;USB1
code_segmented_aggregate_tau_fraction,13,ARG2;DNAJC19;EFCAB10;JAM3;KCNJ8;KLHDC3;NECAB2;NNT;SERTAD2;ST6GALNAC3;UIMC1;ZIM2;ZNF592
code_tau_aggregate_mass_partition_entropy,4,C1ORF50;DNAJC1;ERVK13-1;NDUFAF8
code_tau_angular_second_harmonic_strength,4,DNAJC15;DOK6;MTPN;RNPC3
code_tau_angular_sector_entropy_deficit,2,BSDC1;SH3BP5-AS1
code_tau_boundary_distance_information_coupling,6,AADAT;C1ORF112;MTMR3;NPIPB5;TCEAL1;ZBED3
code_tau_boundary_distance_isotonic_fit_error,8,BMPR1B;EFL1;EPHX1;ITPRIP;MLST8;RECQL;TADA1;USB1
code_tau_boundary_distance_quantile_spline_curvature,4,AADAT;CORO1A;NPIPB5;PABPC1L
code_tau_cell_edge_arc_run_entropy,4,EGLN1;KATNAL1;MED23;SUV39H1
code_tau_cell_glcm_correlation_decay_length,7,AADAT;ANKRD12;BTN2A2;CORO1A;NPIPB5;PABPC1L;ZNF275
code_tau_centroid_to_nucleus_axis_alignment,4,ATP6V0E2;CRABP1;GAL;SRGAP3
code_tau_component_shape_diversity_entropy,8,AADAT;ARHGEF1;B4GALT5;CHMP7;DUSP18;METTL7A;POFUT1;TLCD3A
code_tau_condensate_intensity_size_allometry,2,SMNDC1;STAT2
code_tau_dark_basin_depth_entropy,3,AADAT;CDKN2D;KCNJ8
code_tau_filamentous_vesselness_coupling,8,AADAT;CHST3;EPHX1;MGAT2;NPIPB5;PAXBP1;STAT2;TEN1-CDK3
code_tau_geodesic_profile_inflection_count,6,ARHGAP31;CBL;GSE1;KLHL20;PLS1;STAM
code_tau_granularity_small_to_large_scale_ratio,7,AADAT;MIGA1;MTMR3;NPIPB5;NXF1;PAXBP1;STAT2
code_tau_half_mass_distance_from_nucleus,8,BTD;EMC4;LMNTD1;MICAL1;MIGA1;RBPMS2;SOX12;UBE2Q1
code_tau_high_intensity_object_edge_sharpness,4,ANKRD12;SLC48A1;SNX24;TSPAN31
code_tau_high_signal_object_texture_dispersion,1,PABPC1L
code_tau_honeycomb_wall_hole_contrast,8,AADAT;CS;LMNTD1;MTMR3;NPIPB5;NXF1;PABPC1L;ZNF275
code_tau_hotspot_interior_exterior_gradient_ratio,16,ACAT1;AP2A2;C1QTNF6;CDKN2D;DZIP3;EPHX1;ETAA1;F8A1;GPKOW;KCNJ8;MANF;MLST8;MZT2B;RNF10;SNHG4;USB1
code_tau_hotspot_mark_correlation_decay_length,1,MYADM
code_tau_hotspot_voronoi_territory_inequality,4,C15ORF39;MANF;PPTC7;SETD1B
code_tau_intensity_centroid_centrality,2,BSDC1;SLC48A1
code_tau_intensity_centroid_offset_from_nucleus,1,BSDC1
code_tau_lacunarity_cell_texture,5,ADH5;EGLN2;FRMD6;GPKOW;KCNJ8
code_tau_levelset_centroid_drift_index,5,EGLN1;STK39;TRIM3;TSR2;TTC21B
code_tau_log_punctateness_index,9,BORCS8;CXXC1;FBXO30;HUS1;MICAL1;PAXBP1;PPP1R8;STAT2;ZC3H14
code_tau_mass_covariance_elongation,4,ATG4B;DOK6;IFT57;MTPN
code_tau_mass_nucleus_cell_axis_third_moment,3,AKR1A1;RPS6KA3;ZNF232
code_tau_mass_principal_axis_kurtosis,8,BTD;EMC4;ETAA1;LMNTD1;MIR9-3HG;PAXBP1;PDGFRA;SNHG4
code_tau_mesh_hole_area_fraction,6,ABRAXAS2;DDI2;PAXBP1;PCNX3;RCHY1;ZNF808
code_tau_microterritory_mass_entropy,7,EGLN2;EIF3K;FASN;GPKOW;KCNJ8;MSL1;PPT2
code_tau_midband_spectral_flatness,4,IGBP1;MACROD1;MIR9-3HG;NXF1
code_tau_multiscale_granularity_ratio,3,ANKRD12;MACROD1;NXF1
code_tau_network_euler_characteristic_density,3,EIF3B;MCU;PAXBP1
code_tau_nuclear_clearance_depth_integral,1,PCF11
code_tau_nucleus_distance_intensity_mutual_information,11,APPL2;BTN2A2;CHKB;MIGA1;MTMR3;NPIPB5;PAXBP1;SPPL2A;SUGP1;TMEM25;VPS26B
code_tau_perinuclear_peak_offset_normalized,2,CCDC186;PCDHGA7
code_tau_positive_convexity_defect_ratio,5,PABPC1L;PAXBP1;POFUT2;RPS15;STYX
code_tau_puncta_perinuclear_enrichment_ratio,3,CAPZA1;HSPA4;RAB11FIP4
code_tau_puncta_ripley_l_peak,1,MZT2B
code_tau_radial_chord_continuity_median,5,BTN2A2;CORO1A;NXF1;PABPC1L;TCEAL1
code_tau_radial_distance_kurtosis_about_nucleus,15,ARG2;BTD;CEPT1;ETAA1;KLHL7;LMNTD1;MIGA1;PDCD6IP;RBPMS2;RPL39;RPS16;RPS3;SLC9A6;ZNF140;ZNF275
code_tau_radial_intensity_slope_from_nucleus,1,ZSWIM3
code_tau_radial_mass_earthmover_distance,3,CIAPIN1;FNIP1;SCG5
code_tau_radial_shell_mass_skewness,4,DOK6;PCDHGA7;RCHY1;TAF9
code_tau_radon_projection_anisotropy,5,ATG4B;DOK6;MTPN;PPP1R2;TMEM167B
code_tau_rank_power_spectrum_slope,4,CTC1;MIR9-3HG;NXF1;TSR3
code_tau_ridge_coherence_in_cytoplasm,4,ANKRD12;CCP110;MACROD1;ZNF592
code_tau_ridge_orientation_coherence_length,3,CCP110;EGLN1;ETFB
code_tau_shape_axis_mass_laterality,9,ANKRD12;FAAP100;IPO13;LARP1B;NPIPB5;PPT2;RAB11FIP4;RXRB;TTC7A
code_tau_superlevel_area_curve_roughness,12,AADAT;C1ORF112;CTC1;EIF3K;EPHX1;MGAT2;NPIPB5;PABPC1L;PAXBP1;RPS15;RTBDN;ZCCHC9
code_tau_superlevel_component_burstiness,2,AADAT;MKRN2
code_tau_superlevel_component_persistence_auc,2,MACROD1;NXF1
code_tau_superlevel_hole_lifetime_mean,4,BTN2A1;PAXBP1;TRIM26;TXLNA
code_tau_superpixel_mosaic_transition_entropy,2,TLE5;ZSWIM3
code_tau_wavelet_scale_energy_entropy,3,AP4M1;MACROD1;NXF1
vlm_aggregate_size_diversity_score,3,MELTF;TOMM22;ZNF232
vlm_axonal_polarity_loss_visual,4,MAP2K2;MIGA1;SOX12;TRAF2
vlm_branch_like_tau_invasion_score,8,ARHGEF1;KIF16B;NPRL3;PIGN;PREP;SLC35E2B;STON1;TPRG1L
vlm_bundle_axis_waviness_score,7,BMPR1B;C1QTNF6;H1-2;MICAL1;SCAND1;TCEAL1;ZIM2
vlm_bundle_contour_raggedness_score,3,CD320;METRNL;SIGMAR1
vlm_bundle_core_hollowing_score,5,CORO1A;IGBP1;NXF1;TRIM26;TSPAN31
vlm_bundle_cross_section_striation_anisotropy_score,3,ACAD9;NFAT5;ZNF738
vlm_bundle_crossing_brightness_hierarchy_score,9,BMPR1B;DAG1;ETFB;ITPRIP;KRTAP5-AS1;OBI1;SCAND1;SERTAD2;ZIM2
vlm_bundle_end_taper_bluntness_score,2,CS;STON1
vlm_bundle_internal_strand_resolvability_score,6,MAB21L1;MICAL1;SYAP1;TSC22D2;ZIM2;ZNF738
vlm_bundle_lateral_fibril_shedding_score,9,CCSER2;HINT3;PTPN2;SCAND1;SNHG1;SYAP1;TTC7A;ZBED3;ZNF738
vlm_bundle_local_kink_concentration_score,2,SCAND1;SNN
vlm_bundle_lumen_edge_asymmetry_score,13,AADAT;ANKRD12;CORO1A;CREB3;IGBP1;NT5C2;NTS;NXF1;PABPC1L;RAB11FIP1;SSH2;SUV39H1;TSR2
vlm_bundle_striation_longitudinal_drift_score,7,FHOD1;NBPF20;POLR2E;RANBP6;RPS15;SUV39H1;ZNF738
vlm_bundle_striation_phase_locking_score,2,HOXC5;SLC29A3
vlm_bundle_surface_puncta_decoration_score,7,BIN3;C1ORF21;GALNT7;MED9;SIMC1;SNN;ZNF711
vlm_bundle_terminal_fanout_score,5,ARHGEF1;DDX19B;FCGRT;MICAL1;TMEM167B
vlm_bundle_width_varicosity_score,7,ARHGEF1;GATD1;MELTF;OBI1;PRKRA;RFTN1;SH3KBP1
vlm_cell_boundary_tau_indent_pressure_score,13,AADAT;APPL2;ARF4;DLEU2;LINC02256;MAP2K2;MIR9-3HG;OSBPL3;RAB11FIP1;RAPGEF6;TOMM22;TXLNA;ZNF32
vlm_cell_boundary_tau_retraction_mantle_score,4,CCDC186;GSDME;MAB21L1;UBE2Q1
vlm_cell_edge_tau_budding_protrusion_score,7,C15ORF39;MEX3C;NXF1;PWWP2A;STAT2;VPS9D1-AS1;ZC3H14
vlm_cell_long_axis_tau_cap_enrichment_score,2,DHX15;DOK6
vlm_cell_margin_filament_exit_angle_bias_score,3,KIF16B;NPRL3;SLC35E2B
vlm_cell_mask_process_arborization_score,7,ANKRD12;ARHGEF1;HINT3;PDGFRA;PDGFRB;PIGN;SNHG4
vlm_cell_nucleus_geometric_offset_ratio,4,FBP1;NLGN3;TRIM26;ZBTB25
vlm_cell_periphery_tau_rim_sharpness_score,26,AADAT;APPL2;B4GALT4;BIN3;CTU2;EGLN2;KCNJ8;METTL22;MTMR3;NT5C2;NXF1;P3H1;PABPC1L;PAXBP1;PIGN;PPP4R3B;PRIM1;RAE1;RELL2;RNPC3;SLC20A2;TP53I11;TSR2;TXNL4B;ZNF667-AS1;ZNF790-AS1
vlm_cell_process_tau_taper_preservation_score,6,BORCS8;BTD;MIGA1;MTPN;SOX12;UBE2Q1
vlm_cellular_tau_failure_collapse_score,8,CBLB;KIF16B;LINC01518;LTBP3;OSBPL3;PHACTR2;SOX12;STYXL1
vlm_curved_filament_inner_outer_brightness_bias_score,5,FMR1;MAPK6;ORC4;WBP11;ZIM2
vlm_cytoplasmic_granular_haze_score,6,CXXC1;JAM3;NUDT2;SNCA;SYAP1;TOMM22
vlm_cytoplasmic_tau_channel_connectivity_score,8,CLGN;NFATC3;PIGG;PRMT3;TBC1D15;TMEM51;ZNF717;ZSCAN22
vlm_cytoplasmic_tau_isthmus_connectivity_score,11,ARHGEF1;DARS2;KCNJ8;KIF16B;MAB21L1;THTPA;TPRG1L;USB1;VKORC1L1;ZIM2;ZNF696
vlm_cytoplasmic_tau_mosaic_irregularity_score,1,PIK3R4
vlm_cytoplasmic_tau_puncta_lattice_order_score,5,C17ORF49;FOXN3;PPT2-EGFL8;STK38L;ZNF594
vlm_cytoplasmic_tau_puncta_pair_spacing_dispersion_score,7,C17ORF49;CLASRP;PIGN;PPT2-EGFL8;RIOK2;TTC21B;ZNF536
vlm_cytoplasmic_tau_shear_flow_alignment_score,2,NBPF20;ZNF738
vlm_cytosolic_tau_void_size_heterogeneity_score,7,ADCYAP1R1;DNAJA1;GSTZ1;OTUD4;SCAND1;TBC1D15;ZNF646
vlm_dendritic_branch_order_tau_persistence_score,3,HINT3;TPRG1L;ZNF790-AS1
vlm_dendritic_branchpoint_tau_nodal_score,6,ARHGEF1;HDX;PDGFRA;SNHG4;THTPA;TPRG1L
vlm_dendritic_tau_branch_order_gradient_reversal_score,9,ARHGEF1;BRWD1;CAMKMT;FOXN3;NPRL3;SIMC1;TVP23B;WBP1;ZFYVE19
vlm_dendritic_thread_inclusion_score,5,CUEDC2;IQCK;ITPRIP;MSL1;OBI1
vlm_dendritic_thread_knot_entanglement_score,6,CMTR2;DUSP18;SNHG1;SNRPB2;STAT2;ZIM2
vlm_diffuse_tau_contour_conformity_score,6,AADAT;DLEU2;IRF1;MTMR3;NMT1;RAPGEF6
vlm_diffuse_to_punctate_soma_conversion_score,6,ANKRD12;KPNA6;PIGN;PRKRA;SIRT1;THUMPD1
vlm_distal_neurite_tau_continuity_score,4,HDX;ITPRIP;SOX12;TSC22D2
vlm_distal_neurite_terminal_bulb_tau_score,2,GK;RGS2
vlm_droplet_attachment_fraction_visual_score,10,GALNT7;MED9;NLGN3;POFUT1;STON1;TFPI2;THTPA;UAP1;ZNF439;ZNF614
vlm_droplet_bundle_wetting_flattening_score,2,SRP68;ZNF445
vlm_droplet_clusteredness_score,7,ANKRD12;CCP110;CLASRP;MED9;PPT2-EGFL8;SYAP1;TSR2
vlm_droplet_coalescence_necking_score,4,CXXC1;MAPK6;SMIM15;SYAP1
vlm_droplet_contact_side_tau_polarity_score,7,PLEKHG2;POFUT1;STON1;TFPI2;UAP1;ZNF439;ZNF830
vlm_droplet_filament_anchor_multiplicity_score,7,ARHGEF1;MED9;PDXDC1;RUSC1-AS1;THTPA;TTC21B;ZNF71
vlm_droplet_filament_endpoint_tethering_score,10,APBB1;C1ORF21;DSTYK;GTPBP10;MON1A;PDXDC1;PLEKHG2;SRP68;ZNF439;ZNF445
vlm_droplet_filament_interface_seeding_score,8,GALNT7;GPKOW;KDELR1;MAP2K5;MED8;MON1A;OSTM1;ZNF439
vlm_droplet_internal_tau_mottling_score,1,STRIP1
vlm_droplet_interstitial_tau_web_trapping_score,1,AGBL5
vlm_droplet_nuclear_avoidance_zone_score,3,CNEP1R1;PPP1R8;SYAP1
vlm_droplet_peripheral_enrichment_score,5,ARL13B;PPP1R8;PRIM1;SOS2;ZC3H14
vlm_droplet_population_dominance_score,3,SIRT1;SLC25A14;STRIP1
vlm_droplet_rim_bead_angular_periodicity_score,6,FASN;MIGA1;MSL1;TMEM167B;UBE2Q1;ZNF140
vlm_droplet_rim_sector_polarization_score,11,ANKRD7;ARHGEF26;BSDC1;EHBP1;GOLGA8A;LTBP4;MACROD1;NPIPB5;NXF1;SREBF2;TMEM167B
vlm_droplet_satellite_puncta_collar_score,8,ARHGEF26;CHAC1;EMC4;GOLGA8A;IFT57;NPIPB5;STAT2;ZIM2
vlm_droplet_shadow_overlap_field_score,4,ABCD3;FASN;MSL1;TMEM167B
vlm_droplet_size_assortative_neighborhood_score,6,ACAA1;G6PD;LINC00581;SYAP1;TOMM22;UTP15
vlm_droplet_size_gradient_along_filaments_score,6,ARHGEF1;MED9;MON1A;SRP68;THTPA;TTC21B
vlm_droplet_size_radial_sorting_score,11,APBB1;C1ORF21;DHX15;MED9;MON1A;PDXDC1;PPT2-EGFL8;RXRB;TNKS2;ZNF439;ZNF71
vlm_droplet_size_rim_brightness_order_score,3,AGBL5;MAPK6;SERPINA5
vlm_droplet_string_spacing_regularity_score,4,GALNT7;MED9;SRP68;ZNF439
vlm_droplet_tau_rim_core_inversion_score,5,CXXC1;MICAL1;MSL1;NUDT2;ZNF275
vlm_extracellular_ghost_tangle_likelihood,1,CHERP
vlm_extracellular_orphan_tau_deposit_score,1,ANXA4
vlm_extracellular_tau_remnant_score,3,CHERP;MAIP1;ZMIZ2
vlm_filament_bend_brightness_coupling_score,8,DNAJC19;EFCAB10;H4C12;HAUS3;PABPC1L;STON1;ZIM2;ZNF439
vlm_filament_bundle_contact_angle_diversity_score,7,ADAR;PDGFRA;PSMD3;RAD54L2;TMEM167B;ZBED3;ZIM2
vlm_filament_bundle_disorganization_score,4,H1-2;SCAND1;TCEAL1;ZBED3
vlm_filament_bundle_entry_splay_score,5,ITPRIP;MICAL1;SCAND1;TMEM167B;ZIM2
vlm_filament_bundle_hierarchical_fasciculation_score,6,DAG1;H1-2;MICAL1;SCAND1;ZBED3;ZIM2
vlm_filament_bundle_merge_zone_fuzziness_score,3,SCAND1;SUSD1;ZIM2
vlm_filament_bundle_partition_score,1,CREB5
vlm_filament_cell_span_fraction_score,9,CUEDC2;CXXC1;ITPRIP;MICAL1;PDGFRA;SOX12;TMEM167B;UBE2Q1;ZIM2
vlm_filament_crossing_complexity_score,5,CMTR2;MAB21L1;SCAND1;STAT2;ZIM2
vlm_filament_endpoint_fraying_score,5,B3GAT3;H1-2;IGSF10;ZIM2;ZNF738
vlm_filament_intersection_brightness_node_score,4,ARHGEF1;DNAJC1;HINT3;THTPA
vlm_filament_length_scale_bimodality_score,2,TMEM167B;ZIM2
vlm_filament_loop_area_polydispersity_score,5,CUEDC2;DNAJC1;ETFB;RAB30-DT;SCAND1
vlm_filament_midshaft_intensity_pulsing_score,8,DNAJA1;H1-2;MICAL1;STAT2;TCEAL1;YIPF6;ZBED3;ZIM2
vlm_filament_network_cycle_density_score,3,IGFBP4;RSBN1L;TSEN54
vlm_filament_nuclear_tangential_wrapping_score,12,ADD3;APPL2;EHBP1;EOLA1;MYCBP2;NXF1;PABPC1L;RAB1B;RSBN1L;SNAPC4;TBC1D15;UBE3A
vlm_filament_orientation_coherence_score,3,NFAT5;VAMP7;ZNF738
vlm_filament_radial_spoke_alignment_score,29,ACIN1;ADD3;AHCTF1;ARHGEF1;ATAT1;CARD9;CD200;CDK13;CXXC1;DDX49;GTPBP10;HDX;KLF6;KLHL7;NPRL3;PAXBP1-AS1;POLL;PREP;PSMD3;RAD54L2;RIOK2;SIMC1;SLC35E2B;STAU1;TACC1;TAPBP;TPRG1L;TSPAN14;ZNF71
vlm_filament_short_gap_reconnection_score,6,H1-2;MICAL1;POFUT1;TCEAL1;TMEM167B;ZIM2
vlm_filament_tip_brightness_taper_score,6,DCAF7;EMC4;JAM3;NLGN3;PDGFRA;TSC22D2
vlm_filament_to_bundle_orientation_mismatch_score,6,ARHGEF1;GSTA4;HINT3;PON2;STAU1;TCEAL1
vlm_filament_to_bundle_transition_score,8,ARHGEF1;CMTR2;ITPRIP;MICAL1;PANK3;TMEM167B;ZBED3;ZIM2
vlm_intracellular_tau_heterogeneity_score,5,MYO6;PIGN;PITPNA;PSMD3;RUSC2
vlm_large_tau_inclusion_prominence_score,6,C12ORF75;DOK6;IRF1;ITPRIP;LTBP4;TMEM167B
vlm_neurite_aggregate_comet_tail_orientation_score,2,RBMS1;ZNF696
vlm_neurite_bead_size_distance_trend_score,9,ADD3;API5;LTBP3;PGRMC1;PIAS2;PON2;SIMC1;TUBGCP5;ZNF439
vlm_neurite_beading_fragmentation_score,5,ACAA1;ANKRD12;GALNT7;LINC00581;PIGN
vlm_neurite_shaft_tau_swelling_score,1,IQCK
vlm_neurite_tau_phase_slip_banding_score,8,CCSER2;DGCR6;H1-2;LINC02268;MRPL39;NBPF20;RANBP6;ZNF738
vlm_neurite_tau_taper_mismatch_score,3,IQCK;OBI1;ZIM2
vlm_nuclear_bipolar_tau_cap_score,14,ADD3;APPL2;ATG4B;CNEP1R1;CTU2;CXXC1;DNAJC9;MFN2;MRTFB;NTS;PABPC1L;PPP1R8;RAB11FIP1;RNF167
vlm_nuclear_boundary_tau_contact_pressure_score,7,ANKRD7;APPL2;ATG4B;LZTS1;MAPK6;PABPC1L;TRIM26
vlm_nuclear_cell_axis_mirror_tau_asymmetry_score,3,NDUFB1;NIPAL2;ZNF32
vlm_nuclear_clearance_shadow_orientation_score,16,ADAM9;ADD3;ANKRD7;APPL2;B4GALT4;CORO1A;CTU2;FBP1;INPP1;LMBRD2;NLGN3;NUDT2;OSBPL3;PPP1R8;RARB;ZNF275
vlm_nuclear_displacement_by_tau_inclusion_score,6,ARHGAP31;CTSA;RBPMS2;STYX;TSPAN10;TXLNA
vlm_nuclear_displacement_by_tau_mass_score,13,ADAM9;B4GALT4;DLEU2;FASN;FBXO44;HOXD8;KLF11;LINC02256;NLGN3;OSBPL3;SRFBP1;TMEM167B;ZNF232
vlm_nuclear_proximity_tau_object_size_gradient_score,10,C1ORF21;FOXN3;HDGF;LARP1B;MAPK6;METRNL;MKNK1;MRPL19;NELFA;SPRY1
vlm_nuclear_tau_exclusion_clarity_score,6,ANKRD7;ATG4B;CHKB;CORO1A;PABPC1L;RAB11FIP1
vlm_nuclear_tau_gap_peninsula_ruggedness_score,6,ATG4B;FASN;LINC02256;LZTS1;TMEM131L;TMEM167B
vlm_nuclear_tau_intrusion_score,3,ATF7IP2;PCNX3;TVP23B
vlm_nucleus_adjacent_tau_void_penetration_score,8,ADAM9;ANKRD7;DLEU2;LINC02256;TBC1D15;TMEM167B;TXLNA;ZNF232
vlm_nucleus_aggregate_axis_torque_score,17,ADAM9;ANKRD7;ATG4B;B4GALT4;CTU2;FASN;LINC02256;MIGA1;NUDT2;OSBPL3;PABPC1L;PFKFB3;RECQL;RNF167;SUGP1;TMEM131L;TMEM167B
vlm_nucleus_cell_axis_tau_projection_score,2,CLUAP1;NOTCH2NLB
vlm_nucleus_cytoplasm_area_balance_score,19,ADAM9;ADD3;ANKRD7;APPL2;BSDC1;BTD;DLEU2;FASN;LINC02256;LZTS1;MIR9-3HG;NCLN;OSBPL3;POMGNT2;TIMM29;TMEM167B;TMEM25;TP53I11;TRIM26
vlm_nucleus_to_edge_tau_clearance_asymmetry_score,5,CORO1A;LMBRD2;MTPN;RBPMS2;TSPAN10
vlm_perinuclear_cytoplasm_thickness_imbalance_score,10,CLUAP1;DLEU2;FASN;FBXO44;LINC02256;LTK;NOTCH2NLB;SH3RF1;TMEM131L;TMEM167B
vlm_perinuclear_tau_band_width_irregularity_score,9,ADAM9;APPL2;ATG4B;CHKB;CTU2;FASN;PABPC1L;SRFBP1;TBC1D15
vlm_perinuclear_tau_crescent_bias_score,15,ABCD3;ADAM9;ANKRD7;APOO;CLUAP1;CREB3;LZTS1;PABPC1L;RAB11FIP1;RNF167;SRFBP1;TBC1D15;THEM6;TRIM26;YIPF6
vlm_perinuclear_tau_crowding_score,5,ATG4B;CORO1A;DDI2;MSL1;UBE2Q1
vlm_perinuclear_tau_enrichment_score,10,AADAT;ANKRD7;B4GALT4;CORO1A;DLEU2;FASN;MSL1;OSBPL3;TMEM131L;TMEM167B
vlm_perinuclear_tau_ring_completeness_score,12,AADAT;APPL2;CORO1A;CTU2;MIGA1;MIR9-3HG;NXF1;PABPC1L;PFKFB3;TMEM167B;TRIM26;ZNF275
vlm_perinuclear_tau_sector_compaction_score,6,ADAM9;ANKRD7;MAP2K2;TIMM29;TMEM131L;TMEM167B
vlm_perinuclear_tau_sector_edge_synchrony_score,11,AADAT;ADAM9;ANKRD7;OSBPL3;PABPC1L;PFKFB3;RAB11FIP1;TMEM131L;TMEM167B;ZMYND8;ZNF275
vlm_perinuclear_to_peripheral_grain_size_transition_score,1,PABPC1L
vlm_proximal_neurite_tau_choke_point_score,10,ARFGEF2;BORCS8;KLHL20;MIGA1;MTPN;NLGN3;NUDT2;SOX12;TMEM167B;TRAF2
vlm_punctate_tau_condensate_burden_score,3,ANKRD12;CRK;PPT2-EGFL8
vlm_punctate_to_filamentous_tau_balance,9,CCSER2;H1-2;ITPRIP;MSL1;RAB30-DT;SCAND1;SYAP1;ZIM2;ZNF738
vlm_radial_tau_corridor_alignment_score,2,ARHGEF26;SYAP1
vlm_reticular_honeycomb_soma_score,3,PON2;RAB30-DT;RUSC2
vlm_reticular_honeycomb_tau_pattern_score,3,FOXN3;PON2;RIOK2
vlm_reticular_mesh_wall_thickness_cv_score,2,PLEKHG2;ZNF614
vlm_reticular_pore_coalescence_front_asymmetry_score,3,B4GALNT1;ETFB;TBC1D15
vlm_round_to_fibrillar_transition_front_score,1,USP46
vlm_soma_dominant_tau_visual_score,5,FASN;IRF1;ITPRIP;KLF11;PCNX3
vlm_soma_edge_tau_leakage_score,4,CANT1;H1-2;SPTY2D1;SUSD1
vlm_soma_neurite_texture_transition_abruptness_score,9,COX20;DHX15;NOC3L;PPT2;SELENOT;TAF13;TVP23B;UQCRC2;WBP1
vlm_soma_process_tau_blending_score,9,ARHGEF26;DICER1-AS1;FBXO30;ITPRIP;NFIL3;NUDT2;TMEM108-AS1;UBE2Q1;ZIM2
vlm_somatic_dark_pore_rim_enhancement_score,7,AADAT;ANKRD7;CORO1A;NXF1;PFKFB3;RNPC3;TSPAN31
vlm_somatic_diffuse_tau_haze_score,3,IRF1;MTMR3;TMEM131L
vlm_somatic_fibril_counterflow_domain_score,5,ACLY;CBX2;CMTR2;DDX20;ZBED3
vlm_somatic_fibril_spiral_pitch_variability_score,4,LRRN3;NPRL3;PABPC1L;PLEKHG2
vlm_somatic_fibril_swirl_directionality_score,5,EIF3K;MAP2K2;PABPC1L;PLEKHG2;ZMYND8
vlm_somatic_fibril_vortex_center_offset_score,4,ACLY;CHMP3;DDX20;PABPC1L
vlm_somatic_honeycomb_mesh_score,4,FBXO30;PON2;TSC22D2;ZBED3
vlm_somatic_inclusion_edge_crispness_score,2,CD320;SNRPC
vlm_somatic_inclusion_severity_visual,3,MAP2K2;VAMP7;XAB2
vlm_somatic_multifocal_seed_burden_score,13,ANKRD12;CLASRP;IGBP1;NT5C2;PIGN;PPT2-EGFL8;RELL2;RIOK2;SEC24D;THOC1;TSR2;WBP11;ZNF536
vlm_somatic_puncta_radial_bias_score,5,ADAM9;ARMCX5-GPRASP2;CHEK2;CNEP1R1;MSL1
vlm_somatic_reticular_pore_radial_maturation_score,3,IRF1;PABPC1L;PON2
vlm_somatic_tau_dominance_score,5,AADAT;CALCB;IRF1;ITPRIP;NARS1
vlm_somatic_tau_lamellar_onion_skin_score,5,BSDC1;MSL1;PABPC1L;SREBF2;TMEM167B
vlm_somatic_tau_microgranule_density_score,2,FNTA;SYAP1
vlm_somatic_tau_patch_domain_scale_score,3,FBLIM1;H1-2;PCNX3
vlm_somatic_tau_texture_scale_mixing_score,3,FCGRT;ZNF71;ZNRF2
vlm_stress_granule_like_tau_puncta_uniformity_score,3,CRK;SYAP1;ZSCAN22
vlm_tau_aggregate_depletion_halo_score,6,COX20;CREB5;EIF3K;LAMTOR5;MYG1;UBE2Q1
vlm_tau_aggregate_morphotype_complexity,7,ARHGEF1;DUS4L-BCAP29;H1-2;MKRN2;PDGFRA;SCAND1;UAP1
vlm_tau_bright_mass_compaction_index,7,ITPRIP;NECAB2;PCNX3;PRKRA;SERTAD2;TAF1A;ZIM2
vlm_tau_compartment_mislocalization_visual,5,KLF11;MAP2K2;MFSD6;MIGA1;ZNF232
vlm_tau_condensate_core_shell_contrast_score,8,CXXC1;ITPRIP;MICAL1;MSL1;TMEM167B;UBE2Q1;ZIM2;ZNF275
vlm_tau_condensate_shell_thickness_heterogeneity_score,8,ARHGEF26;B4GALT5;BSDC1;CS;GOLGA8A;MIGA1;NXF1;TRIM26
vlm_tau_cytoplasmic_lacunarity_index,8,ASAH2B;CMTR2;MAB21L1;PANK3;SOX12;STAT2;TNKS2;TSC22D2
vlm_tau_domain_edge_softness_heterogeneity_score,5,C2ORF76;DARS2;KLHL7;RPP25;SNHG1
vlm_tau_free_cytoplasmic_corridor_continuity_score,3,GATD1;LINC02268;ZNF717
vlm_tau_gap_skip_pattern_severity_score,1,ARHGEF1
vlm_tau_hotspot_radial_dispersion_score,9,AIMP1;ITPRIP;LSM12;MRPL39;NARS1;OBI1;SERTAD2;TSR2;ZIM2
vlm_tau_mass_centroid_offcenter_score,3,HAUS3;HTT;TSPAN10
vlm_tau_object_boundary_feathering_directionality_score,6,HINT3;MKNK1;NRBP2;SCAND1;SNN;TTC7A
vlm_tau_object_boundary_interdigitation_score,3,CC2D1A;PDXDC1;THTPA
vlm_tau_object_class_local_entropy_score,5,MED9;PPT2-EGFL8;THTPA;WASHC2A;ZNF439
vlm_tau_object_edge_polarity_reversal_score,3,ABCD3;SPPL3;SRFBP1
vlm_tau_object_size_intensity_rank_discordance_score,6,CTC1;HBS1L;MRPL44;PAXBP1;POFUT2;ZNF667-AS1
vlm_tau_peak_to_haze_balance_score,6,CMTR2;ITPRIP;MSL1;MTMR3;STAT2;ZNF275
vlm_tau_positive_cell_area_utilization_score,3,GMPPA;HAUS3;TEN1-CDK3
vlm_tau_puncta_perinuclear_sg_clustering_score,2,MSL1;PPT2-EGFL8
vlm_tau_radial_shell_gradient_score,13,AADAT;APPL2;EOLA1;MIR9-3HG;POMGNT2;RAB11FIP1;RAD54L2;RAE1;RELL2;RNPC3;SUGP1;TRIM26;TRIR
vlm_tau_structure_compartmental_segregation_score,2,PDGFRB;SNHG4
vlm_tau_void_partitioning_barrier_score,9,ABCD3;ANKRD7;APPL2;MTPN;NUDT2;PEMT;RAB11FIP1;TBC1D15;ZNF816
vlm_terminal_sheet_like_tau_spread_score,2,C19ORF47;SLC35E2B
