morphology_class_order,morphology_class,morphology_class_description,n_features,features,n_genes,genes,bp_id,bp_display
1,Perinuclear–somatic Tau mislocalization and disruption of the nucleocytoplasmic interface,"This feature class quantifies enrichment, exclusion, annular or sectorized distribution of Tau signal around the soma, perinuclear zone, and nuclear boundary, as well as intensity differences across the nucleocytoplasmic interface. Biologically, it reflects redistribution of Tau from its normal axonal/microtubule-associated localization toward somatic and perinuclear compartments.",52,code_perinuclear_tau_signal_fraction;code_aggregate_nuclear_proximity_weighted_intensity;code_cytoplasm_nuclear_tau_enrichment_ratio;code_nuclear_boundary_tau_gradient_peak;code_nuclear_ring_tau_azimuthal_heterogeneity;code_tau_half_mass_distance_from_nucleus;code_nuclear_tau_exclusion_index;code_nuclear_tau_aggregate_contact_arc_fraction;code_nuclear_tau_boundary_patch_fragmentation;code_tau_centroid_to_nucleus_axis_alignment;code_perinuclear_tau_cap_resultant_strength;code_perinuclear_tau_cap_angular_sharpness;code_perinuclear_tau_shadow_sector_fraction;code_tau_mass_nucleus_cell_axis_third_moment;code_perinuclear_tau_annular_gap_length_cv;code_tau_radial_distance_kurtosis_about_nucleus;code_nucleus_to_edge_tau_onoff_transition_density;code_perinuclear_tau_closing_gap_recovery;code_perinuclear_low_tau_crescent_eccentricity;code_perinuclear_tau_annulus_radial_phase_lag;code_nuclear_exclusion_front_sharpness_cv;code_tau_nuclear_clearance_depth_integral;code_perinuclear_tau_ring_width_halfmax;code_cytoplasmic_tau_nuclear_exclusion_ratio;code_perinuclear_tau_shell_enrichment;code_tau_intensity_centroid_offset_from_nucleus;code_tau_puncta_perinuclear_enrichment_ratio;code_tau_perinuclear_peak_offset_normalized;code_nuclear_cytoplasm_tau_interface_contrast_cv;code_tau_nucleus_distance_intensity_mutual_information;code_perinuclear_tau_enrichment_ratio;code_tau_radial_intensity_slope_from_nucleus;code_perinuclear_tau_shell_angular_mad;vlm_perinuclear_tau_crowding_score;vlm_nuclear_tau_exclusion_clarity_score;vlm_perinuclear_tau_crescent_bias_score;vlm_nuclear_boundary_tau_contact_pressure_score;vlm_perinuclear_tau_ring_completeness_score;vlm_nuclear_tau_intrusion_score;vlm_perinuclear_tau_band_width_irregularity_score;vlm_droplet_nuclear_avoidance_zone_score;vlm_filament_nuclear_tangential_wrapping_score;vlm_nuclear_proximity_tau_object_size_gradient_score;vlm_nucleus_to_edge_tau_clearance_asymmetry_score;vlm_nuclear_bipolar_tau_cap_score;vlm_nuclear_clearance_shadow_orientation_score;vlm_tau_puncta_perinuclear_sg_clustering_score;vlm_perinuclear_tau_enrichment_score;vlm_perinuclear_cytoplasm_thickness_imbalance_score;vlm_perinuclear_to_peripheral_grain_size_transition_score;vlm_perinuclear_tau_sector_compaction_score;vlm_perinuclear_tau_sector_edge_synchrony_score,175,AADAT;ABCD3;ACAT1;ACTG1;ADAM9;ADCYAP1R1;ADD3;AKR1A1;ANKRD7;AP2A2;APOO;APPL2;ARG2;ATF7IP2;ATG4B;ATP6V0E2;B4GALT4;BSDC1;BTD;BTN2A2;C19orf47;C1orf21;CAPZA1;CCDC186;CEP152;CEPT1;CHD6;CHKB;CLUAP1;CMTR2;CNEP1R1;CORO1A;COX20;CRABP1;CREB3;CTBP1;CTU2;CXXC1;DDI2;DHX15;DLEU2;DNAJC19;DNAJC9;EFCAB10;EHBP1;EMC4;ENOX2;EOLA1;ETAA1;FAAP100;FASN;FBP1;FBXO30;FBXO44;FOXN3;GAL;GSTM2;HBS1L;HDGF;HSPA4;HUS1;IGFBP4;INPP1;KLHDC3;KLHL7;LARP1B;LINC01409;LINC02256;LMBRD2;LMNTD1;LTK;LZTS1;MAP2K2;MAPK6;MCEE;METRNL;MFN2;MICAL1;MIGA1;MIR9-3HG;MKNK1;MLST8;MRPL19;MRTFB;MSL1;MTMR3;MTPN;MYCBP2;MYG1;NELFA;NLGN3;NOTCH2NLB;NPIPB5;NTS;NUDT2;NXF1;OBI1;ORC4;OSBPL3;PABPC1L;PAXBP1;PCDHGA7;PCF11;PCNX3;PDCD6IP;PFKFB3;PLA2G12A;PNMA8C;POFUT1;PPP1R8;PPT2-EGFL8;PRMT3;PRRC2C;RAB11FIP1;RAB11FIP4;RAB1B;RAE1;RALY;RARB;RBPMS2;RNF167;RNPC3;RPL39;RPS16;RPS3;RPS6KA3;RSBN1L;SCYL2;SERPINA5;SH3RF1;SLC39A11;SLC9A6;SNAPC4;SNRPC;SNX24;SOX12;SPPL2A;SPRY1;SRFBP1;SRGAP3;ST6GALNAC3;STAT2;SUGP1;SYAP1;TBC1D15;TCEAL1;TCTA;THEM6;TIMM29;TLCD4;TMEM131L;TMEM167B;TMEM25;TMEM51;TRIM26;TRIM3;TSC22D2;TSPAN10;TSPAN31;TTC21B;TVP23B;UBE2Q1;UBE3A;UIMC1;USB1;VCL;VPS26B;YIPF6;ZMYND8;ZNF140;ZNF232;ZNF275;ZNF536;ZNF592;ZSWIM3,BP01,Tau mislocalization
2,"Global Tau spatial redistribution, polarity, and intracellular compartmentalization","This feature class describes global reorganization of Tau signal relative to the nucleus, cell boundary, major cellular axis, radial/angular sectors, and geodesic distance. It captures changes in cell polarity, soma-to-periphery or soma-to-process compartmentalization, and the directionality of Tau transport.",35,code_tau_intensity_centroid_centrality;code_radial_tau_distribution_entropy;code_cytoplasmic_tau_angular_polarity;code_cell_periphery_tau_enrichment;code_tau_mass_covariance_elongation;code_tau_radial_shell_mass_skewness;code_tau_angular_second_harmonic_strength;code_cell_tau_geodesic_distance_dispersion;code_tau_radial_mass_earthmover_distance;code_tau_angular_sector_entropy_deficit;code_cell_tau_distal_geodesic_mass_fraction;code_cytoplasmic_tau_radial_peak_prominence;code_tau_shape_axis_mass_laterality;code_cytoplasmic_tau_opening_spectrum_centroid;code_cytoplasmic_tau_radial_enrichment_bandwidth;code_tau_mass_principal_axis_kurtosis;code_cytoplasmic_tau_radial_transition_total_variation;code_high_tau_centroid_delaunay_length_cv;code_tau_radial_chord_continuity_median;code_cytoplasm_tau_isolevel_centroid_tortuosity;code_cell_tau_medial_axis_affinity;code_cytoplasm_tau_radial_decile_heterogeneity;code_tau_geodesic_profile_inflection_count;code_cell_tau_radial_entropy;code_cytoplasm_tau_interior_periphery_variance_ratio;code_cytoplasm_tau_radial_mass_iqr_width;code_cytoplasm_tau_radial_quantile_bow;vlm_somatic_tau_dominance_score;vlm_soma_edge_tau_leakage_score;vlm_tau_structure_compartmental_segregation_score;vlm_cell_long_axis_tau_cap_enrichment_score;vlm_tau_compartment_mislocalization_visual;vlm_tau_mass_centroid_offcenter_score;vlm_soma_dominant_tau_visual_score;vlm_cytoplasmic_tau_shear_flow_alignment_score,122,AADAT;AIMP1;ANKRD12;APOOL;APPL1;ARHGAP31;ASH1L;ATG4B;ATP1B3;BSDC1;BTD;BTN2A2;C17orf49;C1orf112;CALCB;CANT1;CBL;CCSER2;CEPT1;CHMP7;CIAPIN1;CORO1A;CRYZ;CUEDC2;DAGLB;DHX15;DNAJC15;DOK6;EIF3K;EMC4;ETAA1;EXOSC1;F8A1;FAAP100;FASN;FNIP1;GSE1;H1-2;HAUS3;HTT;IFT57;IPO13;IRF1;ITPRIP;IWS1;KAT6A;KIF16B;KLF11;KLHL20;KLHL7;LARP1B;LDLRAP1;LINC00581;LINC02256;LMNTD1;MAP2K2;MARCHF6;MFSD6;MIGA1;MIR9-3HG;MON1A;MRPS18B;MTMR3;MTPN;MYO6;NARS1;NBPF20;NPIPB5;NPRL3;NXF1;PABPC1L;PAXBP1;PCDHGA7;PCNX3;PDCD6IP;PDGFRA;PDGFRB;PFKFB3;PGGT1B;PHF21A;PIAS2;PLS1;PPT2;PSMG3;PTPN2;RAB11FIP4;RCHY1;RNPC3;RPL36;RPL39;RPS16;RPS29;RPS3;RXRB;SCG5;SH3BP5-AS1;SLC48A1;SNHG4;SNRPB2;SOX12;SPTY2D1;STAM;STMN4;SUGP1;SUSD1;TAF9;TCEAL1;THTPA;TMEM167B;TMF1;TNNI3;TSPAN10;TSR2;TTC5;TTC7A;UBE2Q1;UQCRH;ZIM2;ZNF140;ZNF232;ZNF738;ZSWIM3,BP02,Global Tau spatial redistribution
3,"Neuritic, axonal–dendritic polarity and neuronal-process pathology","This feature class focuses on Tau continuity, obstruction, swelling, branch-point enrichment, terminal retention, and shaft organization within neurites, axons, dendrites, branches, terminals, and shafts. It reflects the integrity of neuronal-process architecture and intracellular transport.",20,vlm_branch_like_tau_invasion_score;vlm_proximal_neurite_tau_choke_point_score;vlm_distal_neurite_tau_continuity_score;vlm_soma_process_tau_blending_score;vlm_axonal_polarity_loss_visual;vlm_dendritic_thread_inclusion_score;vlm_neurite_beading_fragmentation_score;vlm_dendritic_branchpoint_tau_nodal_score;vlm_distal_neurite_terminal_bulb_tau_score;vlm_soma_neurite_texture_transition_abruptness_score;vlm_neurite_shaft_tau_swelling_score;vlm_dendritic_branch_order_tau_persistence_score;vlm_neurite_tau_taper_mismatch_score;vlm_terminal_sheet_like_tau_spread_score;vlm_neurite_tau_phase_slip_banding_score;vlm_dendritic_tau_branch_order_gradient_reversal_score;vlm_neurite_bead_size_distance_trend_score;vlm_dendritic_thread_knot_entanglement_score;vlm_neurite_aggregate_comet_tail_orientation_score;vlm_cell_process_tau_taper_preservation_score,83,ACAA1;ADD3;ANKRD12;API5;ARFGEF2;ARHGEF1;ARHGEF26;BORCS8;BRWD1;BTD;C19orf47;CAMKMT;CCSER2;CMTR2;COX20;CUEDC2;DGCR6;DHX15;DICER1-AS1;DUSP18;FBXO30;FOXN3;GALNT7;GK;H1-2;HDX;HINT3;IQCK;ITPRIP;KIF16B;KLHL20;LINC00581;LINC02268;LTBP3;MAP2K2;MIGA1;MRPL39;MSL1;MTPN;NBPF20;NFIL3;NLGN3;NOC3L;NPRL3;NUDT2;OBI1;PDGFRA;PGRMC1;PIAS2;PIGN;PON2;PPT2;PREP;RANBP6;RBMS1;RGS2;SELENOT;SIMC1;SLC35E2B;SNHG1;SNHG4;SNRPB2;SOX12;STAT2;STON1;TAF13;THTPA;TMEM108-AS1;TMEM167B;TPRG1L;TRAF2;TSC22D2;TUBGCP5;TVP23B;UBE2Q1;UQCRC2;WBP1;ZFYVE19;ZIM2;ZNF439;ZNF696;ZNF738;ZNF790-AS1,BP03,Abnormal neuronal process
4,"Punctate Tau signal, LLPS-related features, and stress-granule-like structures","This feature class captures puncta, droplets, condensate-like signal, granules, microgranules, beading, spot-to-haze transitions, and stress-granule-like Tau puncta. It reflects processes related to liquid–liquid phase separation, RNA/RBP granule interactions, and early nanoscale-to-microscale reorganization of Tau-positive signal, without assuming the presence of bona fide Tau aggregates.",49,code_tau_log_punctateness_index;code_droplet_tau_recruitment_contrast;code_droplet_tau_hotspot_proximity_index;code_droplet_tau_asymmetric_cap_fraction;code_droplet_tau_centroid_offset_index;code_cytoplasmic_tau_hessian_blob_ridge_balance;code_droplet_boundary_tau_gradient_enrichment;code_tau_condensate_intensity_size_allometry;code_cytoplasm_tau_spot_to_haze_energy_ratio;code_cytosolic_tau_log_blob_scale_cv;code_cytosolic_tau_puncta_spacing_mad_ratio;code_tau_puncta_ripley_l_peak;code_droplet_tau_fraction_of_cell_signal;code_filament_tau_beading_coefficient;code_cytoplasmic_tau_blob_scale_geometric_mean;vlm_punctate_to_filamentous_tau_balance;vlm_droplet_clusteredness_score;vlm_droplet_peripheral_enrichment_score;vlm_cytoplasmic_granular_haze_score;vlm_droplet_filament_interface_seeding_score;vlm_droplet_satellite_puncta_collar_score;vlm_somatic_tau_microgranule_density_score;vlm_droplet_coalescence_necking_score;vlm_droplet_filament_endpoint_tethering_score;vlm_droplet_size_radial_sorting_score;vlm_droplet_bundle_wetting_flattening_score;vlm_droplet_size_assortative_neighborhood_score;vlm_droplet_string_spacing_regularity_score;vlm_droplet_filament_anchor_multiplicity_score;vlm_droplet_size_gradient_along_filaments_score;vlm_somatic_puncta_radial_bias_score;vlm_cytoplasmic_tau_puncta_lattice_order_score;vlm_stress_granule_like_tau_puncta_uniformity_score;vlm_cytoplasmic_tau_puncta_pair_spacing_dispersion_score;vlm_tau_condensate_core_shell_contrast_score;vlm_droplet_tau_rim_core_inversion_score;vlm_tau_condensate_shell_thickness_heterogeneity_score;vlm_droplet_rim_sector_polarization_score;vlm_diffuse_to_punctate_soma_conversion_score;vlm_droplet_rim_bead_angular_periodicity_score;vlm_punctate_tau_condensate_burden_score;vlm_droplet_population_dominance_score;vlm_droplet_internal_tau_mottling_score;vlm_droplet_attachment_fraction_visual_score;vlm_droplet_contact_side_tau_polarity_score;vlm_bundle_surface_puncta_decoration_score;vlm_droplet_size_rim_brightness_order_score;vlm_droplet_shadow_overlap_field_score;vlm_droplet_interstitial_tau_web_trapping_score,140,AADAT;ABCD3;ACAA1;ADAM9;ADORA2A;AGBL5;ANKRD12;ANKRD7;APBB1;ARHGEF1;ARHGEF26;ARL13B;ARL14EP;ARMCX5-GPRASP2;B4GALT5;BIN3;BORCS8;BSDC1;C17orf49;C19orf47;C1orf21;CCP110;CCSER2;CHAC1;CHEK2;CLASRP;CNEP1R1;COX8A;CPVL;CRK;CS;CTC1;CXXC1;DHX15;DSTYK;EHBP1;EMC4;FAAP100;FASN;FBLIM1;FBXO30;FNTA;FOXN3;G6PD;GALNT7;GNG12;GOLGA8A;GPKOW;GTPBP10;H1-2;HBS1L;HUS1;IFT57;ITPRIP;JAM3;KDELR1;KNOP1;KPNA6;LINC00581;LTBP4;MACROD1;MAP2K5;MAPK6;MED8;MED9;MICAL1;MIGA1;MON1A;MSL1;MZT2B;NDUFB1;NLGN3;NNT;NPIPB5;NUDT2;NXF1;OSTM1;PAXBP1;PDXDC1;PIGN;PLEKHG2;POFUT1;PPP1R8;PPT2-EGFL8;PRIM1;PRKRA;PSMA6;RAB30-DT;RGS2;RIOK2;RUSC1-AS1;RXRB;SCAND1;SERPINA5;SIGMAR1;SIMC1;SIRT1;SLC25A14;SMIM15;SMNDC1;SNCA;SNN;SOS2;SREBF2;SRP68;STAT2;STK38L;STON1;STRIP1;SYAP1;TFPI2;THTPA;THUMPD1;TIMM8B;TMEM167B;TNKS2;TOMM22;TRIM26;TSR2;TTC21B;UAP1;UBE2Q1;UTP15;ZC3H14;ZDHHC4;ZIM2;ZNF140;ZNF275;ZNF439;ZNF445;ZNF536;ZNF581;ZNF592;ZNF594;ZNF614;ZNF71;ZNF711;ZNF738;ZNF830;ZSCAN22,BP04,Liquid-liquid phase separation
5,"Filamentous, bundle-like Tau-positive networks and microtubule cytoskeletal remodeling","This feature class quantifies the length, orientation, curvature, gaps, intersections, and hierarchical organization of Tau-positive filament-like, bundle-like, ridge-like, fibril-like, thread-like, skeletonized, striated, swirl-like, or vortex-like networks.",67,code_filament_bundle_skeleton_length_density;code_filament_bundle_orientation_coherence;code_tau_ridge_coherence_in_cytoplasm;code_filament_skeleton_tortuosity;code_filament_tau_beadiness_cv;code_filament_radial_orientation_bias;code_bundle_tau_structure_tensor_anisotropy;code_filament_tau_skeleton_gap_fraction;code_filament_tau_longitudinal_autocorrelation_peak;code_bundle_tau_core_to_halo_contrast;code_filament_tau_transverse_decay_slope;code_filament_curvature_tau_intensity_coupling;code_bundle_tau_boundary_arc_discontinuity;code_cytoplasmic_tau_structure_tensor_radial_alignment;code_cytoplasm_tau_laplacian_zero_crossing_density;code_filament_skeleton_tau_continuity;code_bundle_tau_burden_fraction;code_tau_filamentous_vesselness_coupling;code_filament_tau_loading_heterogeneity_index;code_bundle_tau_lateral_intensity_skewness;code_tau_ridge_orientation_coherence_length;code_bundle_compact_inclusion_burden;code_tau_radon_projection_anisotropy;code_bundle_tau_orientation_radial_misalignment;vlm_filament_orientation_coherence_score;vlm_bundle_contour_raggedness_score;vlm_filament_to_bundle_transition_score;vlm_filament_crossing_complexity_score;vlm_bundle_internal_strand_resolvability_score;vlm_filament_endpoint_fraying_score;vlm_bundle_axis_waviness_score;vlm_filament_length_scale_bimodality_score;vlm_filament_midshaft_intensity_pulsing_score;vlm_bundle_lateral_fibril_shedding_score;vlm_filament_radial_spoke_alignment_score;vlm_bundle_core_hollowing_score;vlm_filament_bundle_contact_angle_diversity_score;vlm_filament_network_cycle_density_score;vlm_filament_intersection_brightness_node_score;vlm_bundle_width_varicosity_score;vlm_bundle_terminal_fanout_score;vlm_filament_loop_area_polydispersity_score;vlm_filament_short_gap_reconnection_score;vlm_bundle_local_kink_concentration_score;vlm_bundle_lumen_edge_asymmetry_score;vlm_cell_margin_filament_exit_angle_bias_score;vlm_somatic_fibril_swirl_directionality_score;vlm_filament_bundle_hierarchical_fasciculation_score;vlm_somatic_fibril_vortex_center_offset_score;vlm_bundle_cross_section_striation_anisotropy_score;vlm_filament_tip_brightness_taper_score;vlm_bundle_striation_longitudinal_drift_score;vlm_somatic_fibril_spiral_pitch_variability_score;vlm_round_to_fibrillar_transition_front_score;vlm_somatic_tau_lamellar_onion_skin_score;vlm_somatic_fibril_counterflow_domain_score;vlm_bundle_striation_phase_locking_score;vlm_filament_bundle_disorganization_score;vlm_filament_bundle_partition_score;vlm_filament_cell_span_fraction_score;vlm_filament_bend_brightness_coupling_score;vlm_bundle_end_taper_bluntness_score;vlm_filament_to_bundle_orientation_mismatch_score;vlm_filament_bundle_merge_zone_fuzziness_score;vlm_curved_filament_inner_outer_brightness_bias_score;vlm_filament_bundle_entry_splay_score;vlm_bundle_crossing_brightness_hierarchy_score,215,AADAT;ACAD9;ACIN1;ACLY;ADAR;ADD3;AHCTF1;AIMP1;AKAP12;ANKRD12;ANKRD7;API5;APPL2;ARFGEF2;ARHGAP39;ARHGEF1;ARHGEF26;ATAT1;ATG4B;B3GAT3;B4GALT5;BMPR1B;BSDC1;BTD;C1QTNF6;C6orf62;CARD9;CBX2;CCP110;CCSER2;CD200;CD320;CDK13;CEPT1;CHMP3;CHST3;CLGN;CMTR2;CORO1A;CPVL;CREB3;CREB5;CS;CTC1;CUEDC2;CXXC1;DAG1;DCAF7;DDX19B;DDX20;DDX49;DERPC;DNAJA1;DNAJC1;DNAJC19;DOK6;DVL2;DZIP3;EFCAB10;EGLN1;EGLN2;EIF3K;EMC4;EPHX1;ETFB;FCGRT;FHOD1;FMR1;GABPB1;GAL;GALNT7;GATD1;GOLGA8A;GSTA4;GTF2H1;GTPBP10;H1-2;H4C12;HAUS3;HDHD3;HDX;HINT3;HOXC5;HSPA4;HUS1;IGBP1;IGFBP4;IGSF10;ITPRIP;JAM3;KIF16B;KLF6;KLHL7;KNOP1;KRTAP5-AS1;LARP1B;LMBRD2;LMNTD1;LRRN3;LTBP3;MAB21L1;MACROD1;MAP2K2;MAPK6;MELTF;METRNL;MGAT2;MICAL1;MIGA1;MIR9-3HG;MLX;MSL1;MTMR3;MTPN;MZT2B;NARS1;NBPF20;NCLN;NFAT5;NLGN3;NOMO3;NPIPB5;NPRL3;NT5C2;NTS;NXF1;OBI1;ORC4;PABPC1L;PANK3;PAXBP1;PAXBP1-AS1;PCDHGC3;PDGFRA;PEG10;PLEKHG2;POFUT1;POLL;POLR2E;PON2;PPP1R2;PREP;PRKRA;PSMD3;PTPN2;RAB11FIP1;RAB30-DT;RAD54L2;RANBP6;RAPGEF6;RFTN1;RIOK2;RNPC3;RPS15;RSBN1L;SCAND1;SERTAD2;SH3KBP1;SIGMAR1;SIMC1;SLC20A2;SLC29A3;SLC35E2B;SLC3A2;SNHG1;SNHG4;SNN;SOX12;SREBF2;SSH2;ST6GALNAC3;STAT2;STAU1;STON1;SUSD1;SUV39H1;SYAP1;TACC1;TAF1A;TAPBP;TCEAL1;TEN1-CDK3;THTPA;TLE5;TMEM167B;TPRG1L;TRAF2;TRIM26;TSC22D2;TSEN54;TSPAN14;TSPAN31;TSR2;TTC21B;TTC7A;UBE2Q1;UIMC1;USP46;VAMP7;VPS72;WASHC2A;WBP11;XPO4;YIPF6;ZBED3;ZIM2;ZMYND8;ZNF140;ZNF275;ZNF304;ZNF439;ZNF592;ZNF667-AS1;ZNF71;ZNF738,BP05,Microtubule cytoskeletal remodeling
6,"Tau-positive high-intensity object burden, size spectrum, and morphological maturation","This feature class quantifies segmented Tau-positive high-intensity objects, hotspots, dominant components, object density, size diversity, eccentricity, solidity, and morphotype complexity. It summarizes the burden and morphological maturation of discrete Tau-positive objects in the image, without interpreting them as Tau aggregates in the biological sense.",40,code_segmented_aggregate_tau_fraction;code_compact_to_linear_aggregate_balance;code_adaptive_tau_hotspot_area_fraction;code_aggregate_component_density_normalized;code_dominant_aggregate_area_occupancy;code_intensity_weighted_aggregate_eccentricity;code_tau_component_shape_diversity_entropy;code_tau_high_intensity_object_edge_sharpness;code_cytoplasmic_tau_threshold_largest_component_auc;code_tau_hotspot_interior_exterior_gradient_ratio;code_tau_positive_convexity_defect_ratio;code_high_tau_component_boundary_rugosity;code_high_tau_component_crowding_inverse_distance;code_high_tau_component_radial_size_sorting;code_high_tau_component_contour_curvature_skewness;code_tau_hotspot_voronoi_territory_inequality;code_tau_superlevel_component_persistence_auc;code_tau_hotspot_mark_correlation_decay_length;code_high_tau_component_boundary_distance_skew;code_tau_superlevel_component_burstiness;code_tau_levelset_centroid_drift_index;code_tau_superlevel_area_curve_roughness;code_high_tau_component_solidity_weighted_mean;code_tau_aggregate_mass_partition_entropy;code_tau_high_signal_object_texture_dispersion;code_high_tau_object_shape_intensity_correlation;vlm_aggregate_size_diversity_score;vlm_somatic_inclusion_edge_crispness_score;vlm_tau_hotspot_radial_dispersion_score;vlm_tau_object_class_local_entropy_score;vlm_tau_object_size_intensity_rank_discordance_score;vlm_tau_object_boundary_interdigitation_score;vlm_somatic_inclusion_severity_visual;vlm_tau_aggregate_morphotype_complexity;vlm_somatic_multifocal_seed_burden_score;vlm_tau_aggregate_depletion_halo_score;vlm_large_tau_inclusion_prominence_score;vlm_tau_bright_mass_compaction_index;vlm_tau_object_boundary_feathering_directionality_score;vlm_tau_object_edge_polarity_reversal_score,158,AADAT;ABCD3;ACAT1;ADORA2A;AIMP1;AKAP13;ANKRD12;AP2A2;ARG2;ARHGAP31;ARHGAP39;ARHGEF1;ARL13B;B4GALT5;BORCS8;BRWD1;C12orf75;C15orf39;C1QTNF6;C1orf112;C1orf50;CALCB;CC2D1A;CCP110;CD320;CDKN2D;CHMP7;CLASRP;COX20;CREB5;CRYZ;CTC1;DERPC;DNAJC1;DNAJC19;DOK6;DROSHA;DUS4L-BCAP29;DUSP18;DZIP3;EFCAB10;EGLN1;EHBP1;EIF3K;EPHX1;ERF;ERVK13-1;ETAA1;F8A1;GPKOW;GTPBP10;H1-2;HBS1L;HINT3;HUS1;IGBP1;IMMT;IRF1;ITPRIP;JAM3;KCNJ8;KIF16B;KLHDC3;KNOP1;LAMTOR5;LRP8;LSM12;LTBP4;MACROD1;MANF;MAP2K2;MED9;MELTF;METRNL;METTL7A;MGAT2;MIR9-3HG;MKNK1;MKRN2;MLST8;MRPL39;MRPL44;MYADM;MYG1;MZT2B;NARS1;NCLN;NDUFAF8;NECAB2;NNT;NPIPB5;NRBP2;NT5C2;NXF1;OBI1;PABPC1L;PAXBP1;PCNX3;PDGFRA;PDXDC1;PIGN;POFUT1;POFUT2;PPT2-EGFL8;PPTC7;PRKRA;RELL2;RIOK2;RNF10;RPP25;RPS15;RTBDN;SCAND1;SEC24D;SERPINH1;SERTAD2;SETD1B;SLC48A1;SNHG4;SNN;SNRPC;SNX24;SPOPL;SPPL3;SRFBP1;SSH2;ST6GALNAC3;STK39;STYX;TAF1A;THOC1;THTPA;TLCD3A;TMEM167B;TOMM22;TRIM3;TRIM52-AS1;TSPAN31;TSR2;TTC21B;TTC33;TTC7A;UAP1;UBE2Q1;UIMC1;USB1;VAMP7;WASHC2A;WBP11;XAB2;ZCCHC9;ZIM2;ZNF232;ZNF275;ZNF439;ZNF536;ZNF592;ZNF667-AS1,BP06,Tau-positive object maturation
7,"Interface, rim/core, halo, and material-state features of Tau-positive structures","This feature class specifically describes boundaries, gradients, rim/core organization, halos, edge softness, shells, domain edges, interfaces, and cell-periphery rims of Tau-positive structures. It emphasizes material-state-like and phase-boundary-like properties between Tau-enriched regions and the surrounding cytoplasm, without assuming bona fide aggregate formation.",15,code_cell_boundary_tau_penetration_depth;code_tau_boundary_distance_information_coupling;code_tau_cell_edge_arc_run_entropy;code_boundary_band_tau_fourier_peak_fraction;code_cytoplasmic_tau_gradient_orientation_entropy;code_cell_edge_tau_inward_gradient_skewness;code_tau_boundary_distance_quantile_spline_curvature;code_tau_boundary_distance_isotonic_fit_error;code_cytoplasmic_tau_gradient_magnitude_gini;code_cytoplasm_tau_entropy_radial_gradient;code_cell_edge_tau_halo_excess_ratio;vlm_tau_radial_shell_gradient_score;vlm_cell_periphery_tau_rim_sharpness_score;vlm_diffuse_tau_contour_conformity_score;vlm_tau_domain_edge_softness_heterogeneity_score,79,AADAT;ANKRD12;APPL2;B4GALT4;BIN3;BMPR1B;C1orf112;C2orf76;CCDC186;CD320;CORO1A;CTU2;DARS2;DERPC;DLEU2;DOK6;EFL1;EGLN1;EGLN2;EOLA1;EPHX1;ERVK13-1;IGBP1;IRF1;ITPRIP;KATNAL1;KCNJ8;KLHL7;MED23;METTL22;MIR9-3HG;MLST8;MTMR3;MZT2B;NBPF20;NMT1;NPIPB5;NT5C2;NXF1;P3H1;PABPC1L;PAXBP1;PCDHGA7;PIGN;POMGNT2;PPP1R8;PPP4R3B;PRIM1;RAB11FIP1;RAD54L2;RAE1;RAPGEF6;RBM33;RECQL;RELL2;RNPC3;RPP25;SLC20A2;SNHG1;STK39;SUGP1;SUV39H1;SYAP1;TADA1;TAF9;TCEAL1;TCTA;TP53I11;TRIM26;TRIR;TSC22D2;TSR2;TXNL4B;UNK;USB1;ZBED3;ZNF667-AS1;ZNF738;ZNF790-AS1,BP07,Tau boundary organization
8,"Cytoplasmic Tau texture, heterogeneity, and proteostasis-associated stress","This feature class includes texture statistics such as lacunarity, Gini index, entropy, wavelet/spectral features, gray-level co-occurrence matrix metrics, variogram measures, local contrast, haze, mosaicity, and tail-index features. It describes the transition of cytoplasmic Tau signal from a relatively homogeneous diffuse pattern to more patchy, granular, or haze-like heterogeneity.",45,code_cytoplasmic_tau_multiscale_lacunarity;code_cytoplasmic_tau_upper_tail_contrast;code_cytoplasmic_tau_moran_autocorrelation;code_cytoplasmic_tau_intensity_gini;code_cytoplasmic_tau_bandpass_granularity_ratio;code_cytoplasmic_tau_rank_variogram_slope;code_pericellular_tau_contact_fraction;code_cell_tau_boxcount_fractal_dimension;code_cytoplasmic_tau_local_dynamic_range;code_cytoplasmic_tau_bimodality_coefficient;code_cytoplasmic_tau_coarse_to_fine_wavelet_ratio;code_cytoplasmic_tau_percolation_threshold_span;code_tau_wavelet_scale_energy_entropy;code_tau_microterritory_mass_entropy;code_cytoplasmic_tau_multiscale_mad_slope;code_cytoplasmic_tau_extreme_value_tail_index;code_cytoplasmic_tau_rof_residual_fraction;code_cytoplasm_tau_peak_prominence_gini;code_cytoplasm_tau_gray_run_length_nonuniformity;code_cytoplasm_tau_log_gabor_orientation_dispersion;code_cytoplasm_tau_directional_variogram_anisotropy;code_cell_tau_gini_heterogeneity;code_robust_high_tau_area_fraction;code_tau_multiscale_granularity_ratio;code_tau_lacunarity_cell_texture;code_cytoplasmic_tau_smooth_haze_fraction;code_cytoplasmic_tau_local_contrast_skewness;code_tau_rank_power_spectrum_slope;code_tau_cell_glcm_correlation_decay_length;code_tau_midband_spectral_flatness;code_cytoplasm_tau_tail_balance_ratio;code_tau_superpixel_mosaic_transition_entropy;code_cytoplasmic_tau_phase_congruency_density;code_cell_tau_intensity_gini;code_tau_granularity_small_to_large_scale_ratio;code_high_tau_area_fraction_in_cell;code_cytoplasmic_tau_glcm_homogeneity_anisotropy;code_cytoplasmic_tau_fine_energy_coarse_intensity_correlation;vlm_tau_cytoplasmic_lacunarity_index;vlm_somatic_tau_patch_domain_scale_score;vlm_somatic_tau_texture_scale_mixing_score;vlm_somatic_diffuse_tau_haze_score;vlm_intracellular_tau_heterogeneity_score;vlm_tau_peak_to_haze_balance_score;vlm_cytoplasmic_tau_mosaic_irregularity_score,105,AADAT;ADH5;ADORA2A;ANKRD12;AP4M1;APBB1;ARHGAP12;ASAH2B;BORCS8;BTN2A2;C19orf47;C1QTNF6;C1orf112;CCDC85C;CCP110;CDKN2D;CHMP5;CMTR2;CORO1A;CRYZ;CS;CTC1;EGLN2;EIF3K;EPHX1;ETAA1;FASN;FBLIM1;FCGRT;FNIP1;FRMD6;GPKOW;H1-2;HBS1L;IGBP1;IRF1;ITPRIP;KCNJ8;LMNTD1;LRRN3;MAB21L1;MACROD1;MANF;MCU;MFN2;MICAL1;MIGA1;MIR9-3HG;MRPS18B;MSL1;MTMR3;MYO6;NLGN3;NPIPB5;NUDT2;NXF1;OGDH;PABPC1L;PANK3;PAXBP1;PCNX3;PDGFRA;PIGN;PIK3R4;PITPNA;POFUT1;PPP1R8;PPT2;PSMD3;RBPMS2;RECQL;RNF10;RPP25;RPS15;RPS16;RRN3;RUSC2;SLC20A2;SLC3A2;SLC41A1;SLC9A6;SNHG4;SNX24;SOX12;SPOUT1;STAT2;SUV39H1;SYAP1;TEN1-CDK3;TLCD4;TLE5;TMEM131L;TMF1;TNKS2;TSC22D2;TSR3;TTC21B;USB1;ZNF140;ZNF275;ZNF71;ZNF738;ZNF830;ZNRF2;ZSWIM3,BP08,Proteostasis stress
9,"Reticular, honeycomb, void, and channelized cytoplasmic compartment disruption","This feature class focuses on negative-space and network-like patterns, including mesh-like, reticular or honeycomb structures, voids, pores, holes, channels, corridors, gaps, basins, and barriers. It reflects spatial partitioning, exclusion, and channelization of the cytoplasm by Tau-enriched regions.",22,code_tau_mesh_hole_area_fraction;code_tau_network_euler_characteristic_density;code_cytoplasmic_tau_void_size_entropy;code_tau_superlevel_hole_lifetime_mean;code_tau_honeycomb_wall_hole_contrast;code_tau_dark_basin_depth_entropy;vlm_somatic_honeycomb_mesh_score;vlm_cytosolic_tau_void_size_heterogeneity_score;vlm_cytoplasmic_tau_channel_connectivity_score;vlm_tau_free_cytoplasmic_corridor_continuity_score;vlm_tau_void_partitioning_barrier_score;vlm_reticular_honeycomb_soma_score;vlm_somatic_dark_pore_rim_enhancement_score;vlm_tau_gap_skip_pattern_severity_score;vlm_somatic_reticular_pore_radial_maturation_score;vlm_reticular_mesh_wall_thickness_cv_score;vlm_reticular_pore_coalescence_front_asymmetry_score;vlm_nuclear_tau_gap_peninsula_ruggedness_score;vlm_reticular_honeycomb_tau_pattern_score;vlm_cytoplasmic_tau_isthmus_connectivity_score;vlm_radial_tau_corridor_alignment_score;vlm_nucleus_adjacent_tau_void_penetration_score,85,AADAT;ABCD3;ABRAXAS2;ADAM9;ADCYAP1R1;ANKRD7;APPL2;ARHGEF1;ARHGEF26;ATG4B;B4GALNT1;BTN2A1;CDKN2D;CLGN;CORO1A;CS;DARS2;DDI2;DLEU2;DNAJA1;EIF3B;ETFB;FASN;FBXO30;FOXN3;GATD1;GSTZ1;HSD17B11;IRF1;KCNJ8;KIF16B;LINC02256;LINC02268;LMNTD1;LZTS1;MAB21L1;MCU;MTMR3;MTPN;NFATC3;NPIPB5;NUDT2;NXF1;OTUD4;PABPC1L;PAXBP1;PCNX3;PEMT;PFKFB3;PIGG;PLEKHG2;PON2;PRMT3;RAB11FIP1;RAB30-DT;RCHY1;RIOK2;RNPC3;RUSC2;SCAND1;SYAP1;TBC1D15;THTPA;TMEM131L;TMEM167B;TMEM51;TPRG1L;TRIM26;TSC22D2;TSPAN31;TXLNA;USB1;UTP15;VKORC1L1;ZBED3;ZIM2;ZNF232;ZNF275;ZNF614;ZNF646;ZNF696;ZNF717;ZNF808;ZNF816;ZSCAN22,BP09,Cytoplasmic compartment disruption
10,Cellular and nuclear morphomechanics and boundary stress,"This feature class measures the influence of Tau-enriched signal on the nucleus, cell boundary, cell area, cytoplasmic thickness, and cell–nucleus geometric offset. It captures cytoskeletal load, cytoplasmic crowding, and abnormalities in cellular morphomechanics.",13,vlm_nuclear_displacement_by_tau_inclusion_score;vlm_cell_edge_tau_budding_protrusion_score;vlm_cell_boundary_tau_retraction_mantle_score;vlm_cellular_tau_failure_collapse_score;vlm_nucleus_aggregate_axis_torque_score;vlm_nuclear_displacement_by_tau_mass_score;vlm_cell_mask_process_arborization_score;vlm_nucleus_cytoplasm_area_balance_score;vlm_tau_positive_cell_area_utilization_score;vlm_cell_nucleus_geometric_offset_ratio;vlm_nucleus_cell_axis_tau_projection_score;vlm_nuclear_cell_axis_mirror_tau_asymmetry_score;vlm_cell_boundary_tau_indent_pressure_score,83,AADAT;ADAM9;ADD3;ANKRD12;ANKRD7;APPL2;ARF4;ARHGAP31;ARHGEF1;ATG4B;B4GALT4;BSDC1;BTD;C15orf39;CBLB;CCDC186;CLUAP1;CTSA;CTU2;DLEU2;FASN;FBP1;FBXO44;GMPPA;GSDME;HAUS3;HINT3;HOXD8;KIF16B;KLF11;LINC01518;LINC02256;LTBP3;LZTS1;MAB21L1;MAP2K2;MEX3C;MIGA1;MIR9-3HG;NCLN;NDUFB1;NIPAL2;NLGN3;NOTCH2NLB;NUDT2;NXF1;OSBPL3;PABPC1L;PDGFRA;PDGFRB;PFKFB3;PHACTR2;PIGN;POMGNT2;PWWP2A;RAB11FIP1;RAPGEF6;RBPMS2;RECQL;RNF167;SNHG4;SOX12;SRFBP1;STAT2;STYX;STYXL1;SUGP1;TEN1-CDK3;TIMM29;TMEM131L;TMEM167B;TMEM25;TOMM22;TP53I11;TRIM26;TSPAN10;TXLNA;UBE2Q1;VPS9D1-AS1;ZBTB25;ZC3H14;ZNF232;ZNF32,BP10,Morphomechanics
11,"Extracellular Tau-positive signal, release, and disease-relevant spreading","This feature class quantifies extracellular Tau-positive signal, orphan deposits or residual structures, ghost/remnant tangle-like image patterns, and extracellular skeleton complexity. It reflects Tau release, extracellular persistence, and intercellular spreading-related processes while avoiding a direct claim of Tau aggregate formation in the cell images.",5,code_extracellular_tau_aggregate_burden_fraction;code_extracellular_tau_skeleton_complexity_index;vlm_extracellular_tau_remnant_score;vlm_extracellular_ghost_tangle_likelihood;vlm_extracellular_orphan_tau_deposit_score,7,ANXA4;CHERP;CTBP1;MAIP1;NDUFAF8;SYAP1;ZMIZ2,BP11,Extracellular release and spreading
