panel,feature_set,n,mean,sem,median
All genes,MorphAgent,19810,0.0999661363005863,0.0012610362093104,0.0643288888945588
All genes,Expert,19810,0.0054516472195976,0.0009346263288253,0.0
All genes,Tau intensity,19810,-0.0024365205138399,0.0008883116061388,0.0
Top-5000 genes,MorphAgent,5000,0.3396595054587337,0.0018918968091345,0.3001166891620836
Top-5000 genes,Expert,5000,0.1749647475318122,0.0012338181487109,0.1529992131498546
Top-5000 genes,Tau intensity,5000,0.1557934875088165,0.0012115004650149,0.1305942120549431
Top-1000 genes,MorphAgent,1000,0.5534484688549638,0.0042496690539431,0.5016568298551252
Top-1000 genes,Expert,1000,0.317010168561919,0.002053922610228,0.2992410706841317
Top-1000 genes,Tau intensity,1000,0.296477418734099,0.0020501803484705,0.2801092491109894
