panel,morphology_class_order,morphology_class,GO_display_order,GO_term,shared_gene_count,shared_genes,n_morph_genes,n_GO_genes,permutation_exceed_count,permutation_n,permutation_p_value,BH_FDR_q_value,BP_display,GO_short
d,1,Perinuclear–somatic Tau mislocalization and disruption of the nucleocytoplasmic interface,1,Mitochondrion-associated (9 GO terms merged),5,APOO;DNAJC19;HSPA4;MFN2;TIMM29,175,34,0,10000,9.999000099990002e-05,0.0003269943275942,Tau mislocalization,Mitochondrion
d,1,Perinuclear–somatic Tau mislocalization and disruption of the nucleocytoplasmic interface,2,mRNA processing,10,CMTR2;DHX15;PAXBP1;PCF11;PPP1R8;RALY;RBPMS2;RNPC3;SNRPC;SUGP1,175,47,0,10000,9.999000099990002e-05,0.0003269943275942,Tau mislocalization,mRNA processing
d,1,Perinuclear–somatic Tau mislocalization and disruption of the nucleocytoplasmic interface,3,ribonucleoprotein complex biogenesis,3,RPS16;SNRPC;SRFBP1,175,45,88,10000,0.0088991100889911,0.0188910933468056,Tau mislocalization,ribonucleoprotein complex biogenesis
d,1,Perinuclear–somatic Tau mislocalization and disruption of the nucleocytoplasmic interface,4,negative regulation of cysteine-type endopeptidase activity involved in apoptotic process,2,RPS6KA3;SH3RF1,175,11,33,10000,0.0033996600339966,0.0073456940020283,Tau mislocalization,Neg. reg. of caspase activity
d,1,Perinuclear–somatic Tau mislocalization and disruption of the nucleocytoplasmic interface,5,ribosome biogenesis,2,RPS16;SRFBP1,175,34,334,10000,0.0334966503349665,0.0596043336842786,Tau mislocalization,ribosome biogenesis
d,1,Perinuclear–somatic Tau mislocalization and disruption of the nucleocytoplasmic interface,6,endoribonuclease complex,0,,175,8,10000,10000,1.0,1.0,Tau mislocalization,endoribonuclease complex
d,1,Perinuclear–somatic Tau mislocalization and disruption of the nucleocytoplasmic interface,7,cytosolic ribosome,4,HBS1L;RPL39;RPS16;RPS3,175,16,0,10000,9.999000099990002e-05,0.0003269943275942,Tau mislocalization,cytosolic ribosome
d,1,Perinuclear–somatic Tau mislocalization and disruption of the nucleocytoplasmic interface,8,spliceosomal complex,6,DHX15;PPP1R8;RALY;RNPC3;SNRPC;SUGP1,175,22,0,10000,9.999000099990002e-05,0.0003269943275942,Tau mislocalization,spliceosomal complex
d,1,Perinuclear–somatic Tau mislocalization and disruption of the nucleocytoplasmic interface,9,multi-pass translocon complex,0,,175,4,10000,10000,1.0,1.0,Tau mislocalization,multi-pass translocon complex
d,1,Perinuclear–somatic Tau mislocalization and disruption of the nucleocytoplasmic interface,10,lysosomal membrane,5,AP2A2;ATP6V0E2;MLST8;RNF167;SPPL2A,175,38,0,10000,9.999000099990002e-05,0.0003269943275942,Tau mislocalization,lysosomal membrane
d,1,Perinuclear–somatic Tau mislocalization and disruption of the nucleocytoplasmic interface,11,ribosome,5,HBS1L;MRPL19;RPL39;RPS16;RPS3,175,24,0,10000,9.999000099990002e-05,0.0003269943275942,Tau mislocalization,ribosome
d,2,"Global Tau spatial redistribution, polarity, and intracellular compartmentalization",1,Mitochondrion-associated (9 GO terms merged),3,APOOL;DNAJC15;UQCRH,122,34,12,10000,0.0012998700129987,0.0031456854314568,Global Tau spatial redistribution,Mitochondrion
d,2,"Global Tau spatial redistribution, polarity, and intracellular compartmentalization",2,mRNA processing,6,DHX15;IWS1;PAXBP1;RNPC3;SNRPB2;SUGP1,122,47,0,10000,9.999000099990002e-05,0.0003269943275942,Global Tau spatial redistribution,mRNA processing
d,2,"Global Tau spatial redistribution, polarity, and intracellular compartmentalization",3,ribonucleoprotein complex biogenesis,6,EIF3K;EXOSC1;RPS16;SNRPB2;TAF9;TSR2,122,45,0,10000,9.999000099990002e-05,0.0003269943275942,Global Tau spatial redistribution,ribonucleoprotein complex biogenesis
d,2,"Global Tau spatial redistribution, polarity, and intracellular compartmentalization",4,negative regulation of cysteine-type endopeptidase activity involved in apoptotic process,1,FNIP1,122,11,671,10000,0.0671932806719328,0.1098700940716739,Global Tau spatial redistribution,Neg. reg. of caspase activity
d,2,"Global Tau spatial redistribution, polarity, and intracellular compartmentalization",5,ribosome biogenesis,3,EXOSC1;RPS16;TSR2,122,34,16,10000,0.0016998300169983,0.0039553736933998,Global Tau spatial redistribution,ribosome biogenesis
d,2,"Global Tau spatial redistribution, polarity, and intracellular compartmentalization",6,endoribonuclease complex,0,,122,8,10000,10000,1.0,1.0,Global Tau spatial redistribution,endoribonuclease complex
d,2,"Global Tau spatial redistribution, polarity, and intracellular compartmentalization",7,cytosolic ribosome,5,RPL36;RPL39;RPS16;RPS29;RPS3,122,16,0,10000,9.999000099990002e-05,0.0003269943275942,Global Tau spatial redistribution,cytosolic ribosome
d,2,"Global Tau spatial redistribution, polarity, and intracellular compartmentalization",8,spliceosomal complex,4,DHX15;RNPC3;SNRPB2;SUGP1,122,22,0,10000,9.999000099990002e-05,0.0003269943275942,Global Tau spatial redistribution,spliceosomal complex
d,2,"Global Tau spatial redistribution, polarity, and intracellular compartmentalization",9,multi-pass translocon complex,0,,122,4,10000,10000,1.0,1.0,Global Tau spatial redistribution,multi-pass translocon complex
d,2,"Global Tau spatial redistribution, polarity, and intracellular compartmentalization",10,lysosomal membrane,6,CHMP7;DAGLB;FNIP1;MYO6;NPRL3;SLC48A1,122,38,0,10000,9.999000099990002e-05,0.0003269943275942,Global Tau spatial redistribution,lysosomal membrane
d,2,"Global Tau spatial redistribution, polarity, and intracellular compartmentalization",11,ribosome,6,MRPS18B;RPL36;RPL39;RPS16;RPS29;RPS3,122,24,0,10000,9.999000099990002e-05,0.0003269943275942,Global Tau spatial redistribution,ribosome
d,3,"Neuritic, axonal–dendritic polarity and neuronal-process pathology",1,Mitochondrion-associated (9 GO terms merged),1,UQCRC2,83,34,1361,10000,0.1361863813618638,0.1997029212741376,Abnormal neuronal process,Mitochondrion
d,3,"Neuritic, axonal–dendritic polarity and neuronal-process pathology",2,mRNA processing,3,CMTR2;DHX15;SNRPB2,83,47,10,10000,0.0010998900109989,0.0027160549251197,Abnormal neuronal process,mRNA processing
d,3,"Neuritic, axonal–dendritic polarity and neuronal-process pathology",3,ribonucleoprotein complex biogenesis,1,SNRPB2,83,45,1729,10000,0.172982701729827,0.2462459636389302,Abnormal neuronal process,ribonucleoprotein complex biogenesis
d,3,"Neuritic, axonal–dendritic polarity and neuronal-process pathology",4,negative regulation of cysteine-type endopeptidase activity involved in apoptotic process,0,,83,11,10000,10000,1.0,1.0,Abnormal neuronal process,Neg. reg. of caspase activity
d,3,"Neuritic, axonal–dendritic polarity and neuronal-process pathology",5,ribosome biogenesis,0,,83,34,10000,10000,1.0,1.0,Abnormal neuronal process,ribosome biogenesis
d,3,"Neuritic, axonal–dendritic polarity and neuronal-process pathology",6,endoribonuclease complex,0,,83,8,10000,10000,1.0,1.0,Abnormal neuronal process,endoribonuclease complex
d,3,"Neuritic, axonal–dendritic polarity and neuronal-process pathology",7,cytosolic ribosome,0,,83,16,10000,10000,1.0,1.0,Abnormal neuronal process,cytosolic ribosome
d,3,"Neuritic, axonal–dendritic polarity and neuronal-process pathology",8,spliceosomal complex,3,API5;DHX15;SNRPB2,83,22,0,10000,9.999000099990002e-05,0.0003269943275942,Abnormal neuronal process,spliceosomal complex
d,3,"Neuritic, axonal–dendritic polarity and neuronal-process pathology",9,multi-pass translocon complex,0,,83,4,10000,10000,1.0,1.0,Abnormal neuronal process,multi-pass translocon complex
d,3,"Neuritic, axonal–dendritic polarity and neuronal-process pathology",10,lysosomal membrane,2,BORCS8;NPRL3,83,38,119,10000,0.011998800119988,0.0241975802419758,Abnormal neuronal process,lysosomal membrane
d,3,"Neuritic, axonal–dendritic polarity and neuronal-process pathology",11,ribosome,1,MRPL39,83,24,959,10000,0.095990400959904,0.1508420586512777,Abnormal neuronal process,ribosome
d,4,"Punctate Tau signal, LLPS-related features, and stress-granule-like structures",1,Mitochondrion-associated (9 GO terms merged),5,COX8A;NDUFB1;SNCA;TIMM8B;TOMM22,140,34,0,10000,9.999000099990002e-05,0.0003269943275942,Liquid-liquid phase separation,Mitochondrion
d,4,"Punctate Tau signal, LLPS-related features, and stress-granule-like structures",2,mRNA processing,8,CLASRP;DHX15;GPKOW;PAXBP1;PPP1R8;SMNDC1;ZC3H14;ZNF830,140,47,0,10000,9.999000099990002e-05,0.0003269943275942,Liquid-liquid phase separation,mRNA processing
d,4,"Punctate Tau signal, LLPS-related features, and stress-granule-like structures",3,ribonucleoprotein complex biogenesis,5,GTPBP10;PRKRA;RIOK2;TSR2;UTP15,140,45,1,10000,0.0001999800019998,0.0006049395060493,Liquid-liquid phase separation,ribonucleoprotein complex biogenesis
d,4,"Punctate Tau signal, LLPS-related features, and stress-granule-like structures",4,negative regulation of cysteine-type endopeptidase activity involved in apoptotic process,2,MAP2K5;SNCA,140,11,27,10000,0.0027997200279972,0.0062734467294011,Liquid-liquid phase separation,Neg. reg. of caspase activity
d,4,"Punctate Tau signal, LLPS-related features, and stress-granule-like structures",5,ribosome biogenesis,4,GTPBP10;RIOK2;TSR2;UTP15,140,34,0,10000,9.999000099990002e-05,0.0003269943275942,Liquid-liquid phase separation,ribosome biogenesis
d,4,"Punctate Tau signal, LLPS-related features, and stress-granule-like structures",6,endoribonuclease complex,1,PRKRA,140,8,586,10000,0.0586941305869413,0.0972875315208205,Liquid-liquid phase separation,endoribonuclease complex
d,4,"Punctate Tau signal, LLPS-related features, and stress-granule-like structures",7,cytosolic ribosome,1,HBS1L,140,16,1103,10000,0.1103889611038896,0.1712444140201364,Liquid-liquid phase separation,cytosolic ribosome
d,4,"Punctate Tau signal, LLPS-related features, and stress-granule-like structures",8,spliceosomal complex,5,DHX15;GPKOW;PPP1R8;SMNDC1;ZNF830,140,22,0,10000,9.999000099990002e-05,0.0003269943275942,Liquid-liquid phase separation,spliceosomal complex
d,4,"Punctate Tau signal, LLPS-related features, and stress-granule-like structures",9,multi-pass translocon complex,0,,140,4,10000,10000,1.0,1.0,Liquid-liquid phase separation,multi-pass translocon complex
d,4,"Punctate Tau signal, LLPS-related features, and stress-granule-like structures",10,lysosomal membrane,2,BORCS8;OSTM1,140,38,309,10000,0.030996900309969,0.0577019221154807,Liquid-liquid phase separation,lysosomal membrane
d,4,"Punctate Tau signal, LLPS-related features, and stress-granule-like structures",11,ribosome,3,HBS1L;PSMA6;SRP68,140,24,9,10000,0.000999900009999,0.0025742106640399,Liquid-liquid phase separation,ribosome
d,5,"Filamentous, bundle-like Tau-positive networks and microtubule cytoskeletal remodeling",1,Mitochondrion-associated (9 GO terms merged),2,DNAJC19;HSPA4,215,34,499,10000,0.04999500049995,0.0840193758401937,Microtubule cytoskeletal remodeling,Mitochondrion
d,5,"Filamentous, bundle-like Tau-positive networks and microtubule cytoskeletal remodeling",2,mRNA processing,10,ACIN1;ADAR;CDK13;CMTR2;DDX20;FMR1;PAXBP1;RNPC3;TSEN54;WBP11,215,47,0,10000,9.999000099990002e-05,0.0003269943275942,Microtubule cytoskeletal remodeling,mRNA processing
d,5,"Filamentous, bundle-like Tau-positive networks and microtubule cytoskeletal remodeling",3,ribonucleoprotein complex biogenesis,11,ADAR;DDX20;DDX49;EIF3K;GTPBP10;PRKRA;RIOK2;RPS15;SUV39H1;TSR2;WBP11,215,45,0,10000,9.999000099990002e-05,0.0003269943275942,Microtubule cytoskeletal remodeling,ribonucleoprotein complex biogenesis
d,5,"Filamentous, bundle-like Tau-positive networks and microtubule cytoskeletal remodeling",4,negative regulation of cysteine-type endopeptidase activity involved in apoptotic process,1,IGBP1,215,11,1130,10000,0.1130886911308869,0.1732117927447761,Microtubule cytoskeletal remodeling,Neg. reg. of caspase activity
d,5,"Filamentous, bundle-like Tau-positive networks and microtubule cytoskeletal remodeling",5,ribosome biogenesis,7,DDX49;GTPBP10;RIOK2;RPS15;SUV39H1;TSR2;WBP11,215,34,0,10000,9.999000099990002e-05,0.0003269943275942,Microtubule cytoskeletal remodeling,ribosome biogenesis
d,5,"Filamentous, bundle-like Tau-positive networks and microtubule cytoskeletal remodeling",6,endoribonuclease complex,2,PRKRA;TSEN54,215,8,27,10000,0.0027997200279972,0.0062734467294011,Microtubule cytoskeletal remodeling,endoribonuclease complex
d,5,"Filamentous, bundle-like Tau-positive networks and microtubule cytoskeletal remodeling",7,cytosolic ribosome,1,RPS15,215,16,1657,10000,0.1657834216578342,0.238807071673785,Microtubule cytoskeletal remodeling,cytosolic ribosome
d,5,"Filamentous, bundle-like Tau-positive networks and microtubule cytoskeletal remodeling",8,spliceosomal complex,3,ADAR;API5;RNPC3,215,22,14,10000,0.0014998500149985,0.0035584676826435,Microtubule cytoskeletal remodeling,spliceosomal complex
d,5,"Filamentous, bundle-like Tau-positive networks and microtubule cytoskeletal remodeling",9,multi-pass translocon complex,2,NCLN;NOMO3,215,4,6,10000,0.0006999300069993,0.0018820340188203,Microtubule cytoskeletal remodeling,multi-pass translocon complex
d,5,"Filamentous, bundle-like Tau-positive networks and microtubule cytoskeletal remodeling",10,lysosomal membrane,5,CHMP3;NPRL3;SLC29A3;SLC3A2;VAMP7,215,38,1,10000,0.0001999800019998,0.0006049395060493,Microtubule cytoskeletal remodeling,lysosomal membrane
d,5,"Filamentous, bundle-like Tau-positive networks and microtubule cytoskeletal remodeling",11,ribosome,1,RPS15,215,24,2274,10000,0.2274772522747725,0.3163764083361779,Microtubule cytoskeletal remodeling,ribosome
d,6,"Tau-positive high-intensity object burden, size spectrum, and morphological maturation",1,Mitochondrion-associated (9 GO terms merged),3,DNAJC19;IMMT;TOMM22,158,34,31,10000,0.0031996800319968,0.0070392960703929,Tau-positive object maturation,Mitochondrion
d,6,"Tau-positive high-intensity object burden, size spectrum, and morphological maturation",2,mRNA processing,7,CLASRP;GPKOW;PAXBP1;SNRPC;THOC1;WBP11;XAB2,158,47,0,10000,9.999000099990002e-05,0.0003269943275942,Tau-positive object maturation,mRNA processing
d,6,"Tau-positive high-intensity object burden, size spectrum, and morphological maturation",3,ribonucleoprotein complex biogenesis,12,DROSHA;EIF3K;GTPBP10;PRKRA;RIOK2;RPP25;RPS15;SNRPC;SRFBP1;TSR2;WBP11;XAB2,158,45,0,10000,9.999000099990002e-05,0.0003269943275942,Tau-positive object maturation,ribonucleoprotein complex biogenesis
d,6,"Tau-positive high-intensity object burden, size spectrum, and morphological maturation",4,negative regulation of cysteine-type endopeptidase activity involved in apoptotic process,3,CDKN2D;IGBP1;LAMTOR5,158,11,1,10000,0.0001999800019998,0.0006049395060493,Tau-positive object maturation,Neg. reg. of caspase activity
d,6,"Tau-positive high-intensity object burden, size spectrum, and morphological maturation",5,ribosome biogenesis,8,DROSHA;GTPBP10;RIOK2;RPP25;RPS15;SRFBP1;TSR2;WBP11,158,34,0,10000,9.999000099990002e-05,0.0003269943275942,Tau-positive object maturation,ribosome biogenesis
d,6,"Tau-positive high-intensity object burden, size spectrum, and morphological maturation",6,endoribonuclease complex,4,DROSHA;MRPL44;PRKRA;RPP25,158,8,0,10000,9.999000099990002e-05,0.0003269943275942,Tau-positive object maturation,endoribonuclease complex
d,6,"Tau-positive high-intensity object burden, size spectrum, and morphological maturation",7,cytosolic ribosome,3,HBS1L;RNF10;RPS15,158,16,2,10000,0.0002999700029997,0.0008641992943562,Tau-positive object maturation,cytosolic ribosome
d,6,"Tau-positive high-intensity object burden, size spectrum, and morphological maturation",8,spliceosomal complex,3,GPKOW;SNRPC;XAB2,158,22,8,10000,0.0008999100089991,0.0023671545888889,Tau-positive object maturation,spliceosomal complex
d,6,"Tau-positive high-intensity object burden, size spectrum, and morphological maturation",9,multi-pass translocon complex,1,NCLN,158,4,319,10000,0.031996800319968,0.058660800586608,Tau-positive object maturation,multi-pass translocon complex
d,6,"Tau-positive high-intensity object burden, size spectrum, and morphological maturation",10,lysosomal membrane,7,AP2A2;BORCS8;CHMP7;LAMTOR5;MLST8;SLC48A1;VAMP7,158,38,0,10000,9.999000099990002e-05,0.0003269943275942,Tau-positive object maturation,lysosomal membrane
d,6,"Tau-positive high-intensity object burden, size spectrum, and morphological maturation",11,ribosome,5,HBS1L;MRPL39;MRPL44;RNF10;RPS15,158,24,0,10000,9.999000099990002e-05,0.0003269943275942,Tau-positive object maturation,ribosome
d,7,"Interface, rim/core, halo, and material-state features of Tau-positive structures",1,Mitochondrion-associated (9 GO terms merged),0,,79,34,10000,10000,1.0,1.0,Tau boundary organization,Mitochondrion
d,7,"Interface, rim/core, halo, and material-state features of Tau-positive structures",2,mRNA processing,5,PAXBP1;PPP1R8;RNPC3;SUGP1;TXNL4B,79,47,0,10000,9.999000099990002e-05,0.0003269943275942,Tau boundary organization,mRNA processing
d,7,"Interface, rim/core, halo, and material-state features of Tau-positive structures",3,ribonucleoprotein complex biogenesis,5,EFL1;RPP25;SUV39H1;TAF9;TSR2,79,45,0,10000,9.999000099990002e-05,0.0003269943275942,Tau boundary organization,ribonucleoprotein complex biogenesis
d,7,"Interface, rim/core, halo, and material-state features of Tau-positive structures",4,negative regulation of cysteine-type endopeptidase activity involved in apoptotic process,1,IGBP1,79,11,454,10000,0.0454954504549545,0.0786421357864213,Tau boundary organization,Neg. reg. of caspase activity
d,7,"Interface, rim/core, halo, and material-state features of Tau-positive structures",5,ribosome biogenesis,4,EFL1;RPP25;SUV39H1;TSR2,79,34,0,10000,9.999000099990002e-05,0.0003269943275942,Tau boundary organization,ribosome biogenesis
d,7,"Interface, rim/core, halo, and material-state features of Tau-positive structures",6,endoribonuclease complex,1,RPP25,79,8,325,10000,0.0325967403259674,0.0588687399916724,Tau boundary organization,endoribonuclease complex
d,7,"Interface, rim/core, halo, and material-state features of Tau-positive structures",7,cytosolic ribosome,0,,79,16,10000,10000,1.0,1.0,Tau boundary organization,cytosolic ribosome
d,7,"Interface, rim/core, halo, and material-state features of Tau-positive structures",8,spliceosomal complex,4,PPP1R8;RNPC3;SUGP1;TXNL4B,79,22,0,10000,9.999000099990002e-05,0.0003269943275942,Tau boundary organization,spliceosomal complex
d,7,"Interface, rim/core, halo, and material-state features of Tau-positive structures",9,multi-pass translocon complex,0,,79,4,10000,10000,1.0,1.0,Tau boundary organization,multi-pass translocon complex
d,7,"Interface, rim/core, halo, and material-state features of Tau-positive structures",10,lysosomal membrane,1,MLST8,79,38,1369,10000,0.136986301369863,0.1997029212741376,Tau boundary organization,lysosomal membrane
d,7,"Interface, rim/core, halo, and material-state features of Tau-positive structures",11,ribosome,0,,79,24,10000,10000,1.0,1.0,Tau boundary organization,ribosome
d,8,"Cytoplasmic Tau texture, heterogeneity, and proteostasis-associated stress",1,Mitochondrion-associated (9 GO terms merged),2,MCU;MFN2,105,34,133,10000,0.0133986601339866,0.0261489980034254,Proteostasis stress,Mitochondrion
d,8,"Cytoplasmic Tau texture, heterogeneity, and proteostasis-associated stress",2,mRNA processing,6,CMTR2;GPKOW;PAXBP1;PPP1R8;RBPMS2;ZNF830,105,47,0,10000,9.999000099990002e-05,0.0003269943275942,Proteostasis stress,mRNA processing
d,8,"Cytoplasmic Tau texture, heterogeneity, and proteostasis-associated stress",3,ribonucleoprotein complex biogenesis,7,EIF3K;RPP25;RPS15;RPS16;RRN3;SUV39H1;TSR3,105,45,0,10000,9.999000099990002e-05,0.0003269943275942,Proteostasis stress,ribonucleoprotein complex biogenesis
d,8,"Cytoplasmic Tau texture, heterogeneity, and proteostasis-associated stress",4,negative regulation of cysteine-type endopeptidase activity involved in apoptotic process,3,CDKN2D;FNIP1;IGBP1,105,11,0,10000,9.999000099990002e-05,0.0003269943275942,Proteostasis stress,Neg. reg. of caspase activity
d,8,"Cytoplasmic Tau texture, heterogeneity, and proteostasis-associated stress",5,ribosome biogenesis,6,RPP25;RPS15;RPS16;RRN3;SUV39H1;TSR3,105,34,0,10000,9.999000099990002e-05,0.0003269943275942,Proteostasis stress,ribosome biogenesis
d,8,"Cytoplasmic Tau texture, heterogeneity, and proteostasis-associated stress",6,endoribonuclease complex,1,RPP25,105,8,453,10000,0.0453954604539546,0.0786421357864213,Proteostasis stress,endoribonuclease complex
d,8,"Cytoplasmic Tau texture, heterogeneity, and proteostasis-associated stress",7,cytosolic ribosome,4,HBS1L;RNF10;RPS15;RPS16,105,16,0,10000,9.999000099990002e-05,0.0003269943275942,Proteostasis stress,cytosolic ribosome
d,8,"Cytoplasmic Tau texture, heterogeneity, and proteostasis-associated stress",8,spliceosomal complex,3,GPKOW;PPP1R8;ZNF830,105,22,4,10000,0.0004999500049995,0.0014068360605799,Proteostasis stress,spliceosomal complex
d,8,"Cytoplasmic Tau texture, heterogeneity, and proteostasis-associated stress",9,multi-pass translocon complex,0,,105,4,10000,10000,1.0,1.0,Proteostasis stress,multi-pass translocon complex
d,8,"Cytoplasmic Tau texture, heterogeneity, and proteostasis-associated stress",10,lysosomal membrane,6,BORCS8;CHMP5;FNIP1;MYO6;SLC3A2;ZNRF2,105,38,0,10000,9.999000099990002e-05,0.0003269943275942,Proteostasis stress,lysosomal membrane
d,8,"Cytoplasmic Tau texture, heterogeneity, and proteostasis-associated stress",11,ribosome,5,HBS1L;MRPS18B;RNF10;RPS15;RPS16,105,24,0,10000,9.999000099990002e-05,0.0003269943275942,Proteostasis stress,ribosome
d,9,"Reticular, honeycomb, void, and channelized cytoplasmic compartment disruption",1,Mitochondrion-associated (9 GO terms merged),1,MCU,85,34,1353,10000,0.1353864613538646,0.1997029212741376,Cytoplasmic compartment disruption,Mitochondrion
d,9,"Reticular, honeycomb, void, and channelized cytoplasmic compartment disruption",2,mRNA processing,2,PAXBP1;RNPC3,85,47,172,10000,0.0172982701729827,0.0327045420457954,Cytoplasmic compartment disruption,mRNA processing
d,9,"Reticular, honeycomb, void, and channelized cytoplasmic compartment disruption",3,ribonucleoprotein complex biogenesis,3,EIF3B;RIOK2;UTP15,85,45,10,10000,0.0010998900109989,0.0027160549251197,Cytoplasmic compartment disruption,ribonucleoprotein complex biogenesis
d,9,"Reticular, honeycomb, void, and channelized cytoplasmic compartment disruption",4,negative regulation of cysteine-type endopeptidase activity involved in apoptotic process,1,CDKN2D,85,11,485,10000,0.0485951404859514,0.0828170704056355,Cytoplasmic compartment disruption,Neg. reg. of caspase activity
d,9,"Reticular, honeycomb, void, and channelized cytoplasmic compartment disruption",5,ribosome biogenesis,2,RIOK2;UTP15,85,34,92,10000,0.0092990700929907,0.019399784159515,Cytoplasmic compartment disruption,ribosome biogenesis
d,9,"Reticular, honeycomb, void, and channelized cytoplasmic compartment disruption",6,endoribonuclease complex,0,,85,8,10000,10000,1.0,1.0,Cytoplasmic compartment disruption,endoribonuclease complex
d,9,"Reticular, honeycomb, void, and channelized cytoplasmic compartment disruption",7,cytosolic ribosome,0,,85,16,10000,10000,1.0,1.0,Cytoplasmic compartment disruption,cytosolic ribosome
d,9,"Reticular, honeycomb, void, and channelized cytoplasmic compartment disruption",8,spliceosomal complex,1,RNPC3,85,22,852,10000,0.0852914708529147,0.1376035729760357,Cytoplasmic compartment disruption,spliceosomal complex
d,9,"Reticular, honeycomb, void, and channelized cytoplasmic compartment disruption",9,multi-pass translocon complex,0,,85,4,10000,10000,1.0,1.0,Cytoplasmic compartment disruption,multi-pass translocon complex
d,9,"Reticular, honeycomb, void, and channelized cytoplasmic compartment disruption",10,lysosomal membrane,0,,85,38,10000,10000,1.0,1.0,Cytoplasmic compartment disruption,lysosomal membrane
d,9,"Reticular, honeycomb, void, and channelized cytoplasmic compartment disruption",11,ribosome,0,,85,24,10000,10000,1.0,1.0,Cytoplasmic compartment disruption,ribosome
d,10,Cellular and nuclear morphomechanics and boundary stress,1,Mitochondrion-associated (9 GO terms merged),3,NDUFB1;TIMM29;TOMM22,83,34,2,10000,0.0002999700029997,0.0008641992943562,Morphomechanics,Mitochondrion
d,10,Cellular and nuclear morphomechanics and boundary stress,2,mRNA processing,3,RBPMS2;SUGP1;ZC3H14,83,47,5,10000,0.0005999400059994,0.0016498350164983,Morphomechanics,mRNA processing
d,10,Cellular and nuclear morphomechanics and boundary stress,3,ribonucleoprotein complex biogenesis,1,SRFBP1,83,45,1773,10000,0.1773822617738226,0.24957271714689,Morphomechanics,ribonucleoprotein complex biogenesis
d,10,Cellular and nuclear morphomechanics and boundary stress,4,negative regulation of cysteine-type endopeptidase activity involved in apoptotic process,0,,83,11,10000,10000,1.0,1.0,Morphomechanics,Neg. reg. of caspase activity
d,10,Cellular and nuclear morphomechanics and boundary stress,5,ribosome biogenesis,1,SRFBP1,83,34,1327,10000,0.1327867213278672,0.1997029212741376,Morphomechanics,ribosome biogenesis
d,10,Cellular and nuclear morphomechanics and boundary stress,6,endoribonuclease complex,0,,83,8,10000,10000,1.0,1.0,Morphomechanics,endoribonuclease complex
d,10,Cellular and nuclear morphomechanics and boundary stress,7,cytosolic ribosome,0,,83,16,10000,10000,1.0,1.0,Morphomechanics,cytosolic ribosome
d,10,Cellular and nuclear morphomechanics and boundary stress,8,spliceosomal complex,1,SUGP1,83,22,920,10000,0.0920907909209079,0.1466182329135507,Morphomechanics,spliceosomal complex
d,10,Cellular and nuclear morphomechanics and boundary stress,9,multi-pass translocon complex,1,NCLN,83,4,157,10000,0.0157984201579842,0.0303429974462871,Morphomechanics,multi-pass translocon complex
d,10,Cellular and nuclear morphomechanics and boundary stress,10,lysosomal membrane,2,CTSA;RNF167,83,38,116,10000,0.0116988301169883,0.023992516002637,Morphomechanics,lysosomal membrane
d,10,Cellular and nuclear morphomechanics and boundary stress,11,ribosome,0,,83,24,10000,10000,1.0,1.0,Morphomechanics,ribosome
d,11,"Extracellular Tau-positive signal, release, and disease-relevant spreading",1,Mitochondrion-associated (9 GO terms merged),1,MAIP1,7,34,131,10000,0.0131986801319868,0.0261489980034254,Extracellular release and spreading,Mitochondrion
d,11,"Extracellular Tau-positive signal, release, and disease-relevant spreading",2,mRNA processing,0,,7,47,10000,10000,1.0,1.0,Extracellular release and spreading,mRNA processing
d,11,"Extracellular Tau-positive signal, release, and disease-relevant spreading",3,ribonucleoprotein complex biogenesis,0,,7,45,10000,10000,1.0,1.0,Extracellular release and spreading,ribonucleoprotein complex biogenesis
d,11,"Extracellular Tau-positive signal, release, and disease-relevant spreading",4,negative regulation of cysteine-type endopeptidase activity involved in apoptotic process,0,,7,11,10000,10000,1.0,1.0,Extracellular release and spreading,Neg. reg. of caspase activity
d,11,"Extracellular Tau-positive signal, release, and disease-relevant spreading",5,ribosome biogenesis,0,,7,34,10000,10000,1.0,1.0,Extracellular release and spreading,ribosome biogenesis
d,11,"Extracellular Tau-positive signal, release, and disease-relevant spreading",6,endoribonuclease complex,0,,7,8,10000,10000,1.0,1.0,Extracellular release and spreading,endoribonuclease complex
d,11,"Extracellular Tau-positive signal, release, and disease-relevant spreading",7,cytosolic ribosome,0,,7,16,10000,10000,1.0,1.0,Extracellular release and spreading,cytosolic ribosome
d,11,"Extracellular Tau-positive signal, release, and disease-relevant spreading",8,spliceosomal complex,0,,7,22,10000,10000,1.0,1.0,Extracellular release and spreading,spliceosomal complex
d,11,"Extracellular Tau-positive signal, release, and disease-relevant spreading",9,multi-pass translocon complex,0,,7,4,10000,10000,1.0,1.0,Extracellular release and spreading,multi-pass translocon complex
d,11,"Extracellular Tau-positive signal, release, and disease-relevant spreading",10,lysosomal membrane,0,,7,38,10000,10000,1.0,1.0,Extracellular release and spreading,lysosomal membrane
d,11,"Extracellular Tau-positive signal, release, and disease-relevant spreading",11,ribosome,0,,7,24,10000,10000,1.0,1.0,Extracellular release and spreading,ribosome
