rank,feature_name,feature_kind
1,code_perinuclear_tau_signal_fraction,code
2,code_tau_radial_gradient_slope_from_nucleus,code
3,code_tau_intensity_centroid_centrality,code
4,code_radial_tau_distribution_entropy,code
5,code_cytoplasmic_tau_multiscale_lacunarity,code
6,code_tau_log_punctateness_index,code
7,code_segmented_aggregate_tau_fraction,code
8,code_compact_to_linear_aggregate_balance,code
9,code_filament_bundle_skeleton_length_density,code
10,code_aggregate_nuclear_proximity_weighted_intensity,code
11,code_cytoplasm_nuclear_tau_enrichment_ratio,code
12,code_cytoplasmic_tau_upper_tail_contrast,code
13,code_adaptive_tau_hotspot_area_fraction,code
14,code_aggregate_component_density_normalized,code
15,code_dominant_aggregate_area_occupancy,code
16,code_intensity_weighted_aggregate_eccentricity,code
17,code_filament_bundle_orientation_coherence,code
18,code_nuclear_centroid_displacement_index,code
19,code_cytoplasmic_tau_moran_autocorrelation,code
20,code_tau_ridge_coherence_in_cytoplasm,code
21,code_cytoplasmic_tau_angular_polarity,code
22,code_nuclear_boundary_tau_gradient_peak,code
23,code_cytoplasmic_tau_intensity_gini,code
24,code_cell_periphery_tau_enrichment,code
25,code_tau_mesh_hole_area_fraction,code
26,code_droplet_size_dispersion_index,code
27,code_droplet_spatial_clustering_score,code
28,code_filament_skeleton_tortuosity,code
29,code_filament_branchpoint_frequency,code
30,code_bundle_thickness_variability,code
31,code_tau_mass_covariance_elongation,code
32,code_nuclear_ring_tau_azimuthal_heterogeneity,code
33,code_cytoplasmic_tau_bandpass_granularity_ratio,code
34,code_cytoplasmic_tau_rank_variogram_slope,code
35,code_tau_network_euler_characteristic_density,code
36,code_cytoplasmic_tau_void_size_entropy,code
37,code_filament_tau_beadiness_cv,code
38,code_filament_radial_orientation_bias,code
39,code_pericellular_tau_contact_fraction,code
40,code_droplet_tau_recruitment_contrast,code
41,code_tau_half_mass_distance_from_nucleus,code
42,code_nuclear_tau_exclusion_index,code
43,code_cell_tau_boxcount_fractal_dimension,code
44,code_tau_component_shape_diversity_entropy,code
45,code_cytoplasmic_tau_local_dynamic_range,code
46,code_cell_boundary_tau_penetration_depth,code
47,code_cytoplasmic_tau_bimodality_coefficient,code
48,code_droplet_tau_hotspot_proximity_index,code
49,code_bundle_tau_structure_tensor_anisotropy,code
50,code_filament_tau_skeleton_gap_fraction,code
51,code_cytoplasmic_tau_coarse_to_fine_wavelet_ratio,code
52,code_tau_radial_shell_mass_skewness,code
53,code_tau_angular_second_harmonic_strength,code
54,code_cytoplasmic_tau_percolation_threshold_span,code
55,code_droplet_tau_asymmetric_cap_fraction,code
56,code_filament_tau_longitudinal_autocorrelation_peak,code
57,code_bundle_tau_core_to_halo_contrast,code
58,code_nuclear_tau_aggregate_contact_arc_fraction,code
59,code_cell_tau_geodesic_distance_dispersion,code
60,code_tau_high_intensity_object_edge_sharpness,code
61,code_tau_wavelet_scale_energy_entropy,code
62,code_tau_radial_mass_earthmover_distance,code
63,code_tau_angular_sector_entropy_deficit,code
64,code_cytoplasmic_tau_threshold_largest_component_auc,code
65,code_droplet_tau_centroid_offset_index,code
66,code_filament_tau_transverse_decay_slope,code
67,code_nuclear_tau_boundary_patch_fragmentation,code
68,code_cell_tau_distal_geodesic_mass_fraction,code
69,code_tau_hotspot_interior_exterior_gradient_ratio,code
70,code_cytoplasmic_tau_hessian_blob_ridge_balance,code
71,code_cytoplasmic_tau_radial_peak_prominence,code
72,code_tau_shape_axis_mass_laterality,code
73,code_tau_centroid_to_nucleus_axis_alignment,code
74,code_tau_microterritory_mass_entropy,code
75,code_tau_positive_convexity_defect_ratio,code
76,code_high_tau_component_boundary_rugosity,code
77,code_high_tau_component_crowding_inverse_distance,code
78,code_perinuclear_tau_cap_resultant_strength,code
79,code_droplet_boundary_tau_gradient_enrichment,code
80,code_cytoplasmic_tau_opening_spectrum_centroid,code
81,code_perinuclear_tau_cap_angular_sharpness,code
82,code_cytoplasmic_tau_radial_enrichment_bandwidth,code
83,code_tau_mass_principal_axis_kurtosis,code
84,code_tau_boundary_distance_information_coupling,code
85,code_high_tau_component_radial_size_sorting,code
86,code_high_tau_component_contour_curvature_skewness,code
87,code_tau_hotspot_voronoi_territory_inequality,code
88,code_droplet_tau_core_rim_log_ratio,code
89,code_filament_curvature_tau_intensity_coupling,code
90,code_bundle_tau_boundary_arc_discontinuity,code
91,code_cytoplasmic_tau_radial_transition_total_variation,code
92,code_tau_cell_edge_arc_run_entropy,code
93,code_perinuclear_tau_shadow_sector_fraction,code
94,code_tau_superlevel_component_persistence_auc,code
95,code_tau_superlevel_hole_lifetime_mean,code
96,code_tau_hotspot_mark_correlation_decay_length,code
97,code_tau_condensate_intensity_size_allometry,code
98,code_high_tau_component_boundary_distance_skew,code
99,code_cytoplasmic_tau_structure_tensor_radial_alignment,code
100,code_tau_mass_nucleus_cell_axis_third_moment,code
101,code_cytoplasmic_tau_radial_frequency_entropy,code
102,code_perinuclear_tau_annular_gap_length_cv,code
103,code_boundary_band_tau_fourier_peak_fraction,code
104,code_tau_superlevel_component_burstiness,code
105,code_cytoplasmic_tau_gradient_orientation_entropy,code
106,code_cytoplasmic_tau_multiscale_mad_slope,code
107,code_tau_radial_distance_kurtosis_about_nucleus,code
108,code_tau_honeycomb_wall_hole_contrast,code
109,code_high_tau_centroid_delaunay_length_cv,code
110,code_nucleus_to_edge_tau_onoff_transition_density,code
111,code_perinuclear_tau_angular_autocorrelation_halfwidth,code
112,code_cytoplasmic_tau_extreme_value_tail_index,code
113,code_tau_radial_chord_continuity_median,code
114,code_cytoplasmic_tau_rof_residual_fraction,code
115,code_tau_levelset_centroid_drift_index,code
116,code_tau_superlevel_area_curve_roughness,code
117,code_perinuclear_tau_closing_gap_recovery,code
118,code_cell_edge_tau_inward_gradient_skewness,code
119,code_perinuclear_low_tau_crescent_eccentricity,code
120,code_high_tau_peak_mst_edge_skewness,code
121,code_cytoplasm_tau_isolevel_centroid_tortuosity,code
122,code_tau_superlevel_boundary_complexity_auc,code
123,code_cytoplasm_tau_laplacian_zero_crossing_density,code
124,code_perinuclear_tau_annulus_radial_phase_lag,code
125,code_cell_tau_medial_axis_affinity,code
126,code_cytoplasm_tau_peak_prominence_gini,code
127,code_tau_boundary_distance_quantile_spline_curvature,code
128,code_nuclear_exclusion_front_sharpness_cv,code
129,code_cytoplasm_tau_gray_run_length_nonuniformity,code
130,code_tau_low_signal_void_chord_anisotropy,code
131,code_cytoplasm_tau_radial_decile_heterogeneity,code
132,code_tau_nuclear_clearance_depth_integral,code
133,code_perinuclear_tau_ring_width_halfmax,code
134,code_cytoplasm_tau_log_gabor_orientation_dispersion,code
135,code_tau_boundary_distance_isotonic_fit_error,code
136,code_cytoplasm_tau_spot_to_haze_energy_ratio,code
137,code_tau_dark_basin_depth_entropy,code
138,code_tau_geodesic_profile_inflection_count,code
139,code_cytoplasm_tau_directional_variogram_anisotropy,code
140,code_tau_reticular_saddlepoint_density,code
141,code_cytoplasmic_tau_nuclear_exclusion_ratio,code
142,code_perinuclear_tau_shell_enrichment,code
143,code_tau_intensity_centroid_offset_from_nucleus,code
144,code_cell_tau_radial_entropy,code
145,code_cell_tau_gini_heterogeneity,code
146,code_robust_high_tau_area_fraction,code
147,code_tau_multiscale_granularity_ratio,code
148,code_tau_lacunarity_cell_texture,code
149,code_filament_skeleton_tau_continuity,code
150,code_bundle_tau_burden_fraction,code
151,code_cytoplasmic_tau_smooth_haze_fraction,code
152,code_tau_top_decile_nuclear_distance_shift,code
153,code_tau_puncta_perinuclear_enrichment_ratio,code
154,code_high_tau_component_solidity_weighted_mean,code
155,code_tau_aggregate_mass_partition_entropy,code
156,code_cytoplasmic_tau_local_contrast_skewness,code
157,code_tau_filamentous_vesselness_coupling,code
158,code_extracellular_tau_aggregate_burden_fraction,code
159,code_cytoplasmic_tau_gradient_magnitude_gini,code
160,code_tau_rank_power_spectrum_slope,code
161,code_cytosolic_tau_log_blob_scale_cv,code
162,code_cytosolic_tau_puncta_spacing_mad_ratio,code
163,code_extracellular_tau_skeleton_complexity_index,code
164,code_cytoplasmic_tau_highpass_radial_slope,code
165,code_tau_high_signal_object_texture_dispersion,code
166,code_tau_cell_glcm_correlation_decay_length,code
167,code_filament_tau_loading_heterogeneity_index,code
168,code_bundle_tau_lateral_intensity_skewness,code
169,code_tau_perinuclear_peak_offset_normalized,code
170,code_tau_midband_spectral_flatness,code
171,code_cytoplasm_tau_tail_balance_ratio,code
172,code_cytoplasm_tau_entropy_radial_gradient,code
173,code_tau_puncta_ripley_l_peak,code
174,code_high_tau_object_shape_intensity_correlation,code
175,code_tau_ridge_orientation_coherence_length,code
176,code_cytoplasm_tau_interior_periphery_variance_ratio,code
177,code_nuclear_cytoplasm_tau_interface_contrast_cv,code
178,code_tau_superpixel_mosaic_transition_entropy,code
179,code_cytoplasmic_tau_phase_congruency_density,code
180,code_tau_nucleus_distance_intensity_mutual_information,code
181,code_perinuclear_tau_enrichment_ratio,code
182,code_tau_radial_intensity_slope_from_nucleus,code
183,code_cell_tau_intensity_gini,code
184,code_tau_granularity_small_to_large_scale_ratio,code
185,code_high_tau_area_fraction_in_cell,code
186,code_droplet_tau_fraction_of_cell_signal,code
187,code_droplet_spatial_clustering_index,code
188,code_filament_tau_beading_coefficient,code
189,code_filament_branchpoint_density,code
190,code_bundle_compact_inclusion_burden,code
191,code_cytoplasm_tau_radial_mass_iqr_width,code
192,code_cytoplasm_tau_radial_quantile_bow,code
193,code_perinuclear_tau_shell_angular_mad,code
194,code_cell_edge_tau_halo_excess_ratio,code
195,code_cytoplasmic_tau_blob_scale_geometric_mean,code
196,code_cytoplasmic_tau_glcm_homogeneity_anisotropy,code
197,code_tau_radon_projection_anisotropy,code
198,code_cytoplasmic_tau_fine_energy_coarse_intensity_correlation,code
199,code_droplet_tau_load_area_allometric_exponent,code
200,code_bundle_tau_orientation_radial_misalignment,code
201,vlm_somatic_tau_dominance_score,vlm
202,vlm_perinuclear_tau_crowding_score,vlm
203,vlm_punctate_to_filamentous_tau_balance,vlm
204,vlm_dense_bundle_nft_like_burden,vlm
205,vlm_filament_fragmentation_beading_score,vlm
206,vlm_somatic_honeycomb_mesh_score,vlm
207,vlm_extracellular_tau_remnant_score,vlm
208,vlm_tau_polarization_asymmetry_score,vlm
209,vlm_droplet_clusteredness_score,vlm
210,vlm_branch_like_tau_invasion_score,vlm
211,vlm_nuclear_displacement_by_tau_inclusion_score,vlm
212,vlm_filament_orientation_coherence_score,vlm
213,vlm_bundle_contour_raggedness_score,vlm
214,vlm_droplet_peripheral_enrichment_score,vlm
215,vlm_cytoplasmic_granular_haze_score,vlm
216,vlm_soma_edge_tau_leakage_score,vlm
217,vlm_tau_radial_shell_gradient_score,vlm
218,vlm_aggregate_size_diversity_score,vlm
219,vlm_filament_to_bundle_transition_score,vlm
220,vlm_nuclear_tau_exclusion_clarity_score,vlm
221,vlm_perinuclear_tau_crescent_bias_score,vlm
222,vlm_tau_cytoplasmic_lacunarity_index,vlm
223,vlm_nuclear_boundary_tau_contact_pressure_score,vlm
224,vlm_somatic_tau_patch_domain_scale_score,vlm
225,vlm_somatic_inclusion_edge_crispness_score,vlm
226,vlm_proximal_neurite_tau_choke_point_score,vlm
227,vlm_distal_neurite_tau_continuity_score,vlm
228,vlm_filament_crossing_complexity_score,vlm
229,vlm_bundle_internal_strand_resolvability_score,vlm
230,vlm_droplet_filament_interface_seeding_score,vlm
231,vlm_perinuclear_tau_ring_completeness_score,vlm
232,vlm_cytosolic_tau_void_size_heterogeneity_score,vlm
233,vlm_tau_hotspot_radial_dispersion_score,vlm
234,vlm_soma_process_tau_blending_score,vlm
235,vlm_filament_endpoint_fraying_score,vlm
236,vlm_bundle_axis_waviness_score,vlm
237,vlm_droplet_satellite_puncta_collar_score,vlm
238,vlm_nuclear_tau_intrusion_score,vlm
239,vlm_filament_length_scale_bimodality_score,vlm
240,vlm_cell_periphery_tau_rim_sharpness_score,vlm
241,vlm_perinuclear_tau_band_width_irregularity_score,vlm
242,vlm_cytoplasmic_tau_channel_connectivity_score,vlm
243,vlm_somatic_tau_microgranule_density_score,vlm
244,vlm_filament_midshaft_intensity_pulsing_score,vlm
245,vlm_bundle_lateral_fibril_shedding_score,vlm
246,vlm_droplet_coalescence_necking_score,vlm
247,vlm_droplet_nuclear_avoidance_zone_score,vlm
248,vlm_filament_nuclear_tangential_wrapping_score,vlm
249,vlm_cell_edge_tau_budding_protrusion_score,vlm
250,vlm_tau_structure_compartmental_segregation_score,vlm
251,vlm_filament_radial_spoke_alignment_score,vlm
252,vlm_droplet_filament_endpoint_tethering_score,vlm
253,vlm_bundle_core_hollowing_score,vlm
254,vlm_droplet_size_radial_sorting_score,vlm
255,vlm_somatic_tau_texture_scale_mixing_score,vlm
256,vlm_tau_free_cytoplasmic_corridor_continuity_score,vlm
257,vlm_cell_long_axis_tau_cap_enrichment_score,vlm
258,vlm_filament_bundle_contact_angle_diversity_score,vlm
259,vlm_droplet_bundle_wetting_flattening_score,vlm
260,vlm_nuclear_proximity_tau_object_size_gradient_score,vlm
261,vlm_filament_network_cycle_density_score,vlm
262,vlm_filament_intersection_brightness_node_score,vlm
263,vlm_bundle_width_varicosity_score,vlm
264,vlm_bundle_terminal_fanout_score,vlm
265,vlm_droplet_size_assortative_neighborhood_score,vlm
266,vlm_droplet_string_spacing_regularity_score,vlm
267,vlm_tau_object_class_local_entropy_score,vlm
268,vlm_nucleus_to_edge_tau_clearance_asymmetry_score,vlm
269,vlm_cell_boundary_tau_retraction_mantle_score,vlm
270,vlm_tau_object_size_intensity_rank_discordance_score,vlm
271,vlm_filament_loop_area_polydispersity_score,vlm
272,vlm_filament_short_gap_reconnection_score,vlm
273,vlm_bundle_local_kink_concentration_score,vlm
274,vlm_bundle_lumen_edge_asymmetry_score,vlm
275,vlm_droplet_filament_anchor_multiplicity_score,vlm
276,vlm_droplet_size_gradient_along_filaments_score,vlm
277,vlm_tau_void_partitioning_barrier_score,vlm
278,vlm_nuclear_bipolar_tau_cap_score,vlm
279,vlm_cell_margin_filament_exit_angle_bias_score,vlm
280,vlm_tau_object_boundary_interdigitation_score,vlm
281,vlm_perinuclear_microbead_collar_score,vlm
282,vlm_nuclear_moat_breach_frequency_score,vlm
283,vlm_filament_parallel_track_lane_switch_score,vlm
284,vlm_bundle_midspan_unraveling_score,vlm
285,vlm_droplet_pearling_on_bundle_edges_score,vlm
286,vlm_condensate_coarsening_stage_score,vlm
287,vlm_cytoplasmic_fibril_free_halo_asymmetry_score,vlm
288,vlm_filament_mesh_chord_irregularity_score,vlm
289,vlm_cell_shape_tau_axis_decoupling_score,vlm
290,vlm_tau_object_nested_enclosure_score,vlm
291,vlm_tau_compartment_mislocalization_visual,vlm
292,vlm_axonal_polarity_loss_visual,vlm
293,vlm_somatic_diffuse_tau_haze_score,vlm
294,vlm_somatic_inclusion_severity_visual,vlm
295,vlm_dendritic_thread_inclusion_score,vlm
296,vlm_neurite_beading_fragmentation_score,vlm
297,vlm_reticular_honeycomb_soma_score,vlm
298,vlm_distal_process_punctate_burden_visual,vlm
299,vlm_extracellular_ghost_tangle_likelihood,vlm
300,vlm_tau_aggregate_morphotype_complexity,vlm
301,vlm_somatic_multifocal_seed_burden_score,vlm
302,vlm_dendritic_branchpoint_tau_nodal_score,vlm
303,vlm_distal_neurite_terminal_bulb_tau_score,vlm
304,vlm_soma_neurite_texture_transition_abruptness_score,vlm
305,vlm_tau_mass_centroid_offcenter_score,vlm
306,vlm_somatic_dark_pore_rim_enhancement_score,vlm
307,vlm_neurite_shaft_tau_swelling_score,vlm
308,vlm_tau_gap_skip_pattern_severity_score,vlm
309,vlm_somatic_puncta_radial_bias_score,vlm
310,vlm_cellular_tau_failure_collapse_score,vlm
311,vlm_dendritic_branch_order_tau_persistence_score,vlm
312,vlm_somatic_fibril_swirl_directionality_score,vlm
313,vlm_tau_aggregate_depletion_halo_score,vlm
314,vlm_neurite_tau_taper_mismatch_score,vlm
315,vlm_terminal_sheet_like_tau_spread_score,vlm
316,vlm_filament_bundle_hierarchical_fasciculation_score,vlm
317,vlm_cytoplasmic_tau_puncta_lattice_order_score,vlm
318,vlm_stress_granule_like_tau_puncta_uniformity_score,vlm
319,vlm_diffuse_tau_contour_conformity_score,vlm
320,vlm_tau_percolating_island_dominance_score,vlm
321,vlm_cytoplasmic_tau_puncta_pair_spacing_dispersion_score,vlm
322,vlm_somatic_fibril_vortex_center_offset_score,vlm
323,vlm_tau_condensate_core_shell_contrast_score,vlm
324,vlm_neurite_tau_phase_slip_banding_score,vlm
325,vlm_bundle_cross_section_striation_anisotropy_score,vlm
326,vlm_cell_quadrant_tau_load_imbalance_score,vlm
327,vlm_nuclear_clearance_shadow_orientation_score,vlm
328,vlm_droplet_tau_rim_core_inversion_score,vlm
329,vlm_filament_tip_brightness_taper_score,vlm
330,vlm_reticular_pore_shape_alignment_score,vlm
331,vlm_somatic_reticular_pore_radial_maturation_score,vlm
332,vlm_reticular_mesh_wall_thickness_cv_score,vlm
333,vlm_tau_condensate_shell_thickness_heterogeneity_score,vlm
334,vlm_droplet_rim_sector_polarization_score,vlm
335,vlm_bundle_striation_longitudinal_drift_score,vlm
336,vlm_somatic_fibril_spiral_pitch_variability_score,vlm
337,vlm_dendritic_tau_branch_order_gradient_reversal_score,vlm
338,vlm_neurite_bead_size_distance_trend_score,vlm
339,vlm_round_to_fibrillar_transition_front_score,vlm
340,vlm_nucleus_aggregate_axis_torque_score,vlm
341,vlm_tau_puncta_perinuclear_sg_clustering_score,vlm
342,vlm_diffuse_to_punctate_soma_conversion_score,vlm
343,vlm_somatic_tau_lamellar_onion_skin_score,vlm
344,vlm_reticular_pore_coalescence_front_asymmetry_score,vlm
345,vlm_somatic_fibril_counterflow_domain_score,vlm
346,vlm_bundle_striation_phase_locking_score,vlm
347,vlm_droplet_rim_bead_angular_periodicity_score,vlm
348,vlm_dendritic_thread_knot_entanglement_score,vlm
349,vlm_neurite_aggregate_comet_tail_orientation_score,vlm
350,vlm_nuclear_tau_gap_peninsula_ruggedness_score,vlm
351,vlm_soma_dominant_tau_visual_score,vlm
352,vlm_perinuclear_tau_enrichment_score,vlm
353,vlm_nuclear_displacement_by_tau_mass_score,vlm
354,vlm_punctate_tau_condensate_burden_score,vlm
355,vlm_beaded_filament_fragmentation_score,vlm
356,vlm_filament_bundle_disorganization_score,vlm
357,vlm_large_tau_inclusion_prominence_score,vlm
358,vlm_reticular_honeycomb_tau_pattern_score,vlm
359,vlm_extracellular_orphan_tau_deposit_score,vlm
360,vlm_intracellular_tau_heterogeneity_score,vlm
361,vlm_cell_mask_process_arborization_score,vlm
362,vlm_nucleus_cytoplasm_area_balance_score,vlm
363,vlm_perinuclear_cytoplasm_thickness_imbalance_score,vlm
364,vlm_tau_positive_cell_area_utilization_score,vlm
365,vlm_tau_bright_mass_compaction_index,vlm
366,vlm_tau_peak_to_haze_balance_score,vlm
367,vlm_filament_bundle_partition_score,vlm
368,vlm_filament_cell_span_fraction_score,vlm
369,vlm_droplet_population_dominance_score,vlm
370,vlm_droplet_internal_tau_mottling_score,vlm
371,vlm_cell_nucleus_geometric_offset_ratio,vlm
372,vlm_cytoplasmic_tau_mosaic_irregularity_score,vlm
373,vlm_perinuclear_to_peripheral_grain_size_transition_score,vlm
374,vlm_tau_domain_edge_softness_heterogeneity_score,vlm
375,vlm_filament_bend_brightness_coupling_score,vlm
376,vlm_bundle_end_taper_bluntness_score,vlm
377,vlm_filament_to_bundle_orientation_mismatch_score,vlm
378,vlm_droplet_attachment_fraction_visual_score,vlm
379,vlm_droplet_contact_side_tau_polarity_score,vlm
380,vlm_cell_process_tau_taper_preservation_score,vlm
381,vlm_nucleus_cell_axis_tau_projection_score,vlm
382,vlm_perinuclear_tau_sector_compaction_score,vlm
383,vlm_cytoplasmic_tau_isthmus_connectivity_score,vlm
384,vlm_tau_depletion_shadow_around_droplets_score,vlm
385,vlm_filament_bundle_merge_zone_fuzziness_score,vlm
386,vlm_bundle_surface_puncta_decoration_score,vlm
387,vlm_curved_filament_inner_outer_brightness_bias_score,vlm
388,vlm_radial_tau_corridor_alignment_score,vlm
389,vlm_tau_object_boundary_feathering_directionality_score,vlm
390,vlm_droplet_size_rim_brightness_order_score,vlm
391,vlm_nuclear_cell_axis_mirror_tau_asymmetry_score,vlm
392,vlm_perinuclear_tau_sector_edge_synchrony_score,vlm
393,vlm_cytoplasmic_tau_shear_flow_alignment_score,vlm
394,vlm_droplet_shadow_overlap_field_score,vlm
395,vlm_droplet_interstitial_tau_web_trapping_score,vlm
396,vlm_filament_bundle_entry_splay_score,vlm
397,vlm_bundle_crossing_brightness_hierarchy_score,vlm
398,vlm_tau_object_edge_polarity_reversal_score,vlm
399,vlm_cell_boundary_tau_indent_pressure_score,vlm
400,vlm_nucleus_adjacent_tau_void_penetration_score,vlm
